no,order_status,order_date,completion_date,service_type,service_detail,fragrance,weight_kg,notes,unit_cost,express_cost,total_revenue,voucher_amount,voucher_code,transfer_amount,cash_payment,customer_received,customer_id,possible_duplicate,has_customer,has_revenue,has_weight,has_cost,has_completion,data_quality_flag,service_category,is_weight_based,service_days,service_open_days,revenue_per_kg,order_day,order_month,promised_days,is_late,days_late
1,ARRIVED,2026-04-01,2026-04-01,PCS,10 JAM,SAKURA,7.775,,,,120513.0,0.0,NO VOUCHER,,PAID,FALSE,Customer_046,False,True,True,True,False,True,Complete,LAUNDRY PACKAGE,True,0.0,0.0,15500.06430868167,Wednesday,April,0.4166666666666667,False,-0.4166666666666667
2,ARRIVED,2026-04-01,2026-04-02,PCS,1 HARI,ROSE,3.75,Dry Clean Blazer,,6000.0,,0.0,NO VOUCHER,,PAID,FALSE,Customer_104,False,True,False,True,False,True,Missing Revenue,LAUNDRY PACKAGE,True,1.0,1.0,,Wednesday,April,1.0,False,0.0
3,ARRIVED,2026-04-01,2026-04-06,PCS,3 HARI,OCEAN FRESH,4.2,,,,29400.0,0.0,NO VOUCHER,,PAID,FALSE,Customer_036,False,True,True,True,False,True,Complete,LAUNDRY PACKAGE,True,5.0,4.0,7000.0,Wednesday,April,3.0,True,1.0
4,ARRIVED,2026-04-01,2026-04-06,PS,3 HARI,OCEAN FRESH,18.325,,,,91625.0,0.0,NO VOUCHER,,PAID,FALSE,Customer_153,False,True,True,True,False,True,Complete,LAUNDRY PACKAGE,True,5.0,4.0,5000.0,Wednesday,April,3.0,True,1.0
5,UNKNOWN,,2026-04-06,PCS,3 HARI,OCEAN FRESH,1.115,"Sprei Besar, Bed Cover Besar",,,,0.0,NO VOUCHER,,,FALSE,Customer_UNKNOWN,False,False,False,True,False,True,"Missing Customer, Order Date, Revenue",LAUNDRY PACKAGE,True,,,,,,3.0,,
6,ARRIVED,2026-04-01,2026-04-02,PCS,1 HARI,OCEAN FRESH,3.0,,,,27000.0,0.0,NO VOUCHER,,PAID,FALSE,Customer_008,False,True,True,True,False,True,Complete,LAUNDRY PACKAGE,True,1.0,1.0,9000.0,Wednesday,April,1.0,False,0.0
7,ARRIVED,2026-04-01,2026-04-06,SATUAN,4 HARI,NOT RECORDED,,Deep Clean,,,,0.0,NO VOUCHER,,PAID,FALSE,Customer_139,False,True,False,False,False,True,"Missing Revenue, Weight",PER ITEM,False,5.0,4.0,,Wednesday,April,4.0,False,0.0
8,ARRIVED,2026-04-02,2026-04-07,PCS,3 HARI,SAKURA,4.475,,,,31325.0,0.0,NO VOUCHER,,PAID,FALSE,Customer_147,False,True,True,True,False,True,Complete,LAUNDRY PACKAGE,True,5.0,4.0,7000.000000000001,Thursday,April,3.0,True,1.0
9,ARRIVED,2026-04-02,2026-04-07,PCS,3 HARI,SAKURA,3.0,,,,21000.0,0.0,NO VOUCHER,,PAID,FALSE,Customer_045,False,True,True,True,False,True,Complete,LAUNDRY PACKAGE,True,5.0,4.0,7000.0,Thursday,April,3.0,True,1.0
10,ARRIVED,2026-04-02,2026-04-04,PCS,1 HARI,SAKURA,5.205,"Sprei Kecil, Bed Cover Kecil",,6000.0,,0.0,NO VOUCHER,,PAID,FALSE,Customer_005,False,True,False,True,False,True,Missing Revenue,LAUNDRY PACKAGE,True,2.0,2.0,,Thursday,April,1.0,True,1.0
11,ARRIVED,2026-04-02,2026-04-07,SATUAN,4 HARI,NOT RECORDED,,Deep Clean,,,,0.0,NO VOUCHER,,PAID,FALSE,Customer_068,False,True,False,False,False,True,"Missing Revenue, Weight",PER ITEM,False,5.0,4.0,,Thursday,April,4.0,False,0.0
12,UNKNOWN,,2026-04-10,SATUAN,7 HARI,NOT RECORDED,,Unyellowing,,,,0.0,NO VOUCHER,,,FALSE,Customer_UNKNOWN,False,False,False,False,False,True,"Missing Customer, Order Date, Revenue, Weight",PER ITEM,False,,,,,,7.0,,
13,ARRIVED,2026-04-02,2026-04-07,PCS,3 HARI,OCEAN FRESH,3.05,,,,21350.0,0.0,NO VOUCHER,,PAID,FALSE,Customer_016,False,True,True,True,False,True,Complete,LAUNDRY PACKAGE,True,5.0,4.0,7000.0,Thursday,April,3.0,True,1.0
14,ARRIVED,2026-04-04,2026-04-06,PCS,1 HARI,OCEAN FRESH,7.515,Sprei Sedang,,6000.0,,0.0,NO VOUCHER,,PAID,FALSE,Customer_071,False,True,False,True,False,True,Missing Revenue,LAUNDRY PACKAGE,True,2.0,1.0,,Saturday,April,1.0,False,0.0
15,ARRIVED,2026-04-04,2026-04-08,PCL,3 HARI,OCEAN FRESH,3.0,Sprei Sedang,,,,0.0,NO VOUCHER,,PAID,FALSE,Customer_106,False,True,False,True,False,True,Missing Revenue,LAUNDRY PACKAGE,True,4.0,3.0,,Saturday,April,3.0,False,0.0
16,ARRIVED,2026-04-04,2026-04-08,PCS,3 HARI,BACCARAT,4.565,,,,31955.0,0.0,NO VOUCHER,,PAID,FALSE,Customer_027,False,True,True,True,False,True,Complete,LAUNDRY PACKAGE,True,4.0,3.0,6999.999999999999,Saturday,April,3.0,False,0.0
17,ARRIVED,2026-04-04,2026-04-08,SATUAN,3 HARI,ROSE,,"Sprei Sedang, Handuk",,,,0.0,NO VOUCHER,,PAID,FALSE,Customer_094,False,True,False,False,False,True,"Missing Revenue, Weight",PER ITEM,False,4.0,3.0,,Saturday,April,3.0,False,0.0
18,ARRIVED,2026-04-04,2026-04-07,PCS,2 HARI,OCEAN FRESH,3.0,Sprei Sedang,,3000.0,,0.0,NO VOUCHER,,PAID,FALSE,Customer_034,False,True,False,True,False,True,Missing Revenue,LAUNDRY PACKAGE,True,3.0,2.0,,Saturday,April,2.0,False,0.0
19,ARRIVED,2026-04-04,2026-04-08,PCS,3 HARI,OCEAN FRESH,4.625,,,,32375.0,0.0,NO VOUCHER,,PAID,FALSE,Customer_079,False,True,True,True,False,True,Complete,LAUNDRY PACKAGE,True,4.0,3.0,7000.0,Saturday,April,3.0,False,0.0
20,ARRIVED,2026-04-04,2026-04-08,PCL,3 HARI,SAKURA,3.0,,,,18000.0,0.0,NO VOUCHER,,PAID,FALSE,Customer_119,False,True,True,True,False,True,Complete,LAUNDRY PACKAGE,True,4.0,3.0,6000.0,Saturday,April,3.0,False,0.0
21,ARRIVED,2026-04-04,2026-04-08,PCS,3 HARI,SAKURA,4.98,Sprei Besar,,,,0.0,NO VOUCHER,,PAID,FALSE,Customer_109,False,True,False,True,False,True,Missing Revenue,LAUNDRY PACKAGE,True,4.0,3.0,,Saturday,April,3.0,False,0.0
22,ARRIVED,2026-04-04,2026-04-08,PCS,3 HARI,OCEAN FRESH,3.0,"Sprei Sedang, Selimut Tipis",,,,0.0,NO VOUCHER,,PAID,FALSE,Customer_058,False,True,False,True,False,True,Missing Revenue,LAUNDRY PACKAGE,True,4.0,3.0,,Saturday,April,3.0,False,0.0
23,ARRIVED,2026-04-04,2026-04-06,PCS,1 HARI,SAKURA,5.81,Sprei Kecil,,6000.0,,0.0,NO VOUCHER,,PAID,FALSE,Customer_129,False,True,False,True,False,True,Missing Revenue,LAUNDRY PACKAGE,True,2.0,1.0,,Saturday,April,1.0,False,0.0
24,ARRIVED,2026-04-04,2026-04-08,PCS,3 HARI,ROSE,8.735,,,,61145.0,0.0,NO VOUCHER,,PAID,FALSE,Customer_090,False,True,True,True,False,True,Complete,LAUNDRY PACKAGE,True,4.0,3.0,7000.000000000001,Saturday,April,3.0,False,0.0
25,ARRIVED,2026-04-06,2026-04-07,PCS,1 HARI,ROSE,5.31,Sprei Sedang,,6000.0,,0.0,NO VOUCHER,,PAID,FALSE,Customer_145,False,True,False,True,False,True,Missing Revenue,LAUNDRY PACKAGE,True,1.0,1.0,,Monday,April,1.0,False,0.0
26,ARRIVED,2026-04-06,2026-04-07,PCL,1 HARI,SAKURA,5.105,Sprei Besar,,6000.0,,0.0,NO VOUCHER,,PAID,FALSE,Customer_076,False,True,False,True,False,True,Missing Revenue,LAUNDRY PACKAGE,True,1.0,1.0,,Monday,April,1.0,False,0.0
27,ARRIVED,2026-04-06,2026-04-09,PCS,3 HARI,BACCARAT,3.0,Sprei Kecil,,,,0.0,NO VOUCHER,,PAID,FALSE,Customer_067,False,True,False,True,False,True,Missing Revenue,LAUNDRY PACKAGE,True,3.0,3.0,,Monday,April,3.0,False,0.0
28,ARRIVED,2026-04-06,2026-04-07,PCS,1 HARI,ROSE,3.0,,,,27000.0,0.0,NO VOUCHER,,PAID,FALSE,Customer_022,False,True,True,True,False,True,Complete,LAUNDRY PACKAGE,True,1.0,1.0,9000.0,Monday,April,1.0,False,0.0
29,ARRIVED,2026-04-06,2026-04-09,PCS,3 HARI,PHILUX,4.95,Sprei Sedang,,,,0.0,NO VOUCHER,,PAID,FALSE,Customer_035,False,True,False,True,False,True,Missing Revenue,LAUNDRY PACKAGE,True,3.0,3.0,,Monday,April,3.0,False,0.0
30,ARRIVED,2026-04-06,2026-04-09,PS,3 HARI,BACCARAT,8.335,Sprei Kecil,,,,0.0,NO VOUCHER,,PAID,FALSE,Customer_020,False,True,False,True,False,True,Missing Revenue,LAUNDRY PACKAGE,True,3.0,3.0,,Monday,April,3.0,False,0.0
31,ARRIVED,2026-04-07,2026-04-10,PCS,3 HARI,ROSE,6.34,,,,44380.0,0.0,NO VOUCHER,,PAID,FALSE,Customer_100,False,True,True,True,False,True,Complete,LAUNDRY PACKAGE,True,3.0,3.0,7000.0,Tuesday,April,3.0,False,0.0
32,ARRIVED,2026-04-07,2026-04-09,PCS,2 HARI,OCEAN FRESH,3.0,,,,24000.0,0.0,NO VOUCHER,,PAID,FALSE,Customer_008,False,True,True,True,False,True,Complete,LAUNDRY PACKAGE,True,2.0,2.0,8000.0,Tuesday,April,2.0,False,0.0
33,ARRIVED,2026-04-07,2026-04-10,PCL,3 HARI,OCEAN FRESH,4.325,,,,25950.0,0.0,NO VOUCHER,,PAID,FALSE,Customer_055,False,True,True,True,False,True,Complete,LAUNDRY PACKAGE,True,3.0,3.0,6000.0,Tuesday,April,3.0,False,0.0
34,ARRIVED,2026-04-07,2026-04-10,PCS,3 HARI,SAKURA,3.575,Sprei Sedang,,,,0.0,NO VOUCHER,,PAID,FALSE,Customer_147,False,True,False,True,False,True,Missing Revenue,LAUNDRY PACKAGE,True,3.0,3.0,,Tuesday,April,3.0,False,0.0
35,ARRIVED,2026-04-07,2026-04-10,PCS,3 HARI,ROSE,1.995,,,,13965.0,0.0,NO VOUCHER,,PAID,FALSE,Customer_059,False,True,True,True,False,True,Complete,LAUNDRY PACKAGE,True,3.0,3.0,7000.0,Tuesday,April,3.0,False,0.0
36,UNKNOWN,,,PCL,3 HARI,ROSE,1.115,,,,6690.0,0.0,NO VOUCHER,,,FALSE,Customer_UNKNOWN,False,False,True,True,False,False,"Missing Customer, Order Date, Completion Date",LAUNDRY PACKAGE,True,,,6000.0,,,3.0,,
37,UNKNOWN,2026-04-07,2026-04-08,PCS,1 HARI,OCEAN FRESH,,,,,,0.0,NO VOUCHER,,PAID,FALSE,Customer_060,False,True,False,False,False,True,"Missing Revenue, Weight",LAUNDRY PACKAGE,False,1.0,1.0,,Tuesday,April,1.0,False,0.0
38,ARRIVED,2026-04-07,2026-04-09,PCL,2 HARI,PHILUX,3.795,,,,26565.0,0.0,NO VOUCHER,,PAID,FALSE,Customer_087,False,True,True,True,False,True,Complete,LAUNDRY PACKAGE,True,2.0,2.0,7000.0,Tuesday,April,2.0,False,0.0
39,ARRIVED,2026-04-07,2026-04-10,PCS,3 HARI,SAKURA,4.685,,,,32795.0,0.0,NO VOUCHER,,PAID,FALSE,Customer_138,False,True,True,True,False,True,Complete,LAUNDRY PACKAGE,True,3.0,3.0,7000.000000000001,Tuesday,April,3.0,False,0.0
40,ARRIVED,2026-04-08,2026-04-08,SATUAN,3 HARI,SAKURA,,"Bed Cover Besar, Selimut Sedang",,,,0.0,NO VOUCHER,,PAID,FALSE,Customer_046,False,True,False,False,False,True,"Missing Revenue, Weight",PER ITEM,False,0.0,0.0,,Wednesday,April,3.0,False,-3.0
41,ARRIVED,2026-04-08,2026-04-11,SATUAN,3 HARI,OCEAN FRESH,,Jaket/Blouse,,,,0.0,NO VOUCHER,,PAID,FALSE,Customer_141,False,True,False,False,False,True,"Missing Revenue, Weight",PER ITEM,False,3.0,3.0,,Wednesday,April,3.0,False,0.0
42,ARRIVED,2026-04-08,2026-04-13,PCS,3 HARI,SAKURA,6.295,,,,,0.0,NO VOUCHER,,PAID,FALSE,Customer_109,False,True,False,True,False,True,Missing Revenue,LAUNDRY PACKAGE,True,5.0,4.0,,Wednesday,April,3.0,True,1.0
43,ARRIVED,2026-04-08,2026-04-11,PCS,3 HARI,PHILUX,4.49,,,,31430.0,0.0,NO VOUCHER,,PAID,FALSE,Customer_021,False,True,True,True,False,True,Complete,LAUNDRY PACKAGE,True,3.0,3.0,7000.0,Wednesday,April,3.0,False,0.0
44,ARRIVED,2026-04-08,2026-04-11,PCS,3 HARI,ROSE,3.0,Sprei Kecil,,,,0.0,NO VOUCHER,,PAID,FALSE,Customer_028,False,True,False,True,False,True,Missing Revenue,LAUNDRY PACKAGE,True,3.0,3.0,,Wednesday,April,3.0,False,0.0
45,ARRIVED,2026-04-08,2026-04-13,PCS,3 HARI,PHILUX,3.955,,,,27685.0,0.0,NO VOUCHER,,PAID,FALSE,Customer_086,False,True,True,True,False,True,Complete,LAUNDRY PACKAGE,True,5.0,4.0,7000.0,Wednesday,April,3.0,True,1.0
46,ARRIVED,2026-04-08,2026-04-11,PCS,3 HARI,BACCARAT,3.0,Sprei Besar,,,,0.0,NO VOUCHER,,PAID,FALSE,Customer_142,False,True,False,True,False,True,Missing Revenue,LAUNDRY PACKAGE,True,3.0,3.0,,Wednesday,April,3.0,False,0.0
47,ARRIVED,2026-04-09,2026-04-10,PCS,1 HARI,SAKURA,3.56,,,,32040.0,0.0,NO VOUCHER,,PAID,FALSE,Customer_024,False,True,True,True,False,True,Complete,LAUNDRY PACKAGE,True,1.0,1.0,9000.0,Thursday,April,1.0,False,0.0
48,ARRIVED,2026-04-09,2026-04-13,PCS,3 HARI,ROSE,3.0,,,,21000.0,0.0,NO VOUCHER,,PAID,FALSE,Customer_022,False,True,True,True,False,True,Complete,LAUNDRY PACKAGE,True,4.0,3.0,7000.0,Thursday,April,3.0,False,0.0
49,ARRIVED,2026-04-09,2026-04-14,PS,3 HARI,OCEAN FRESH,6.64,,,,33200.0,0.0,NO VOUCHER,,PAID,FALSE,Customer_153,False,True,True,True,False,True,Complete,LAUNDRY PACKAGE,True,5.0,4.0,5000.0,Thursday,April,3.0,True,1.0
50,ARRIVED,2026-04-09,2026-04-13,PCS,3 HARI,ROSE,3.0,,,,21000.0,0.0,NO VOUCHER,,PAID,FALSE,Customer_091,False,True,True,True,False,True,Complete,LAUNDRY PACKAGE,True,4.0,3.0,7000.0,Thursday,April,3.0,False,0.0
51,ARRIVED,2026-04-10,2026-04-11,PCS,1 HARI,OCEAN FRESH,3.0,,,,27000.0,0.0,NO VOUCHER,,PAID,FALSE,Customer_008,False,True,True,True,False,True,Complete,LAUNDRY PACKAGE,True,1.0,1.0,9000.0,Friday,April,1.0,False,0.0
52,ARRIVED,2026-04-10,2026-04-13,PCS,2 HARI,SAKURA,3.265,Sprei Kecil,,,,0.0,NO VOUCHER,,PAID,FALSE,Customer_143,False,True,False,True,False,True,Missing Revenue,LAUNDRY PACKAGE,True,3.0,2.0,,Friday,April,2.0,False,0.0
53,ARRIVED,2026-04-10,2026-04-14,PCS,3 HARI,SAKURA,3.49,,,,24430.0,0.0,NO VOUCHER,,PAID,FALSE,Customer_023,False,True,True,True,False,True,Complete,LAUNDRY PACKAGE,True,4.0,3.0,7000.0,Friday,April,3.0,False,0.0
54,ARRIVED,2026-04-10,2026-04-11,PCS,1 HARI,BACCARAT,3.825,Sprei Kecil,,,,0.0,NO VOUCHER,,PAID,FALSE,Customer_101,False,True,False,True,False,True,Missing Revenue,LAUNDRY PACKAGE,True,1.0,1.0,,Friday,April,1.0,False,0.0
55,ARRIVED,2026-04-10,2026-04-14,PCS,3 HARI,SAKURA,5.43,Selimut Sedang,,,,0.0,NO VOUCHER,,PAID,FALSE,Customer_005,False,True,False,True,False,True,Missing Revenue,LAUNDRY PACKAGE,True,4.0,3.0,,Friday,April,3.0,False,0.0
56,ARRIVED,2026-04-10,2026-04-14,PCS,3 HARI,BACCARAT,3.285,,,,22995.0,0.0,NO VOUCHER,,PAID,FALSE,Customer_044,False,True,True,True,False,True,Complete,LAUNDRY PACKAGE,True,4.0,3.0,7000.0,Friday,April,3.0,False,0.0
57,ARRIVED,2026-04-10,2026-04-14,PCS,3 HARI,BACCARAT,5.27,,,,36890.0,0.0,NO VOUCHER,,PAID,FALSE,Customer_047,False,True,True,True,False,True,Complete,LAUNDRY PACKAGE,True,4.0,3.0,7000.000000000001,Friday,April,3.0,False,0.0
58,ARRIVED,2026-04-10,2026-04-14,PCS,3 HARI,ROSE,3.0,,,,21000.0,0.0,NO VOUCHER,,PAID,FALSE,Customer_059,False,True,True,True,False,True,Complete,LAUNDRY PACKAGE,True,4.0,3.0,7000.0,Friday,April,3.0,False,0.0
59,ARRIVED,2026-04-10,2026-04-13,PCL,2 HARI,OCEAN FRESH,5.125,,,,35875.0,0.0,NO VOUCHER,,PAID,FALSE,Customer_014,False,True,True,True,False,True,Complete,LAUNDRY PACKAGE,True,3.0,2.0,7000.0,Friday,April,2.0,False,0.0
60,ARRIVED,2026-04-10,2026-04-13,PCS,2 HARI,SAKURA,3.0,"Celana/Rok Panjang, Jaket/Blouse",,,,0.0,NO VOUCHER,,PAID,FALSE,Customer_085,False,True,False,True,False,True,Missing Revenue,LAUNDRY PACKAGE,True,3.0,2.0,,Friday,April,2.0,False,0.0
61,ARRIVED,2026-04-10,2026-04-11,PCS,1 HARI,SAKURA,3.16,,,,28440.0,0.0,NO VOUCHER,,PAID,FALSE,Customer_073,False,True,True,True,False,True,Complete,LAUNDRY PACKAGE,True,1.0,1.0,9000.0,Friday,April,1.0,False,0.0
62,ARRIVED,2026-04-10,2026-04-13,PCS,2 HARI,ROSE,3.0,,,,27000.0,0.0,NO VOUCHER,,PAID,FALSE,Customer_001,False,True,True,True,False,True,Complete,LAUNDRY PACKAGE,True,3.0,2.0,9000.0,Friday,April,2.0,False,0.0
63,ARRIVED,2026-04-10,2026-04-14,PCS,3 HARI,OCEAN FRESH,3.0,,,,24000.0,0.0,NO VOUCHER,,PAID,FALSE,Customer_016,False,True,True,True,False,True,Complete,LAUNDRY PACKAGE,True,4.0,3.0,8000.0,Friday,April,3.0,False,0.0
64,ARRIVED,2026-04-11,2026-04-13,PCS,1 HARI,OCEAN FRESH,3.0,,,,24000.0,0.0,NO VOUCHER,,PAID,FALSE,Customer_121,False,True,True,True,False,True,Complete,LAUNDRY PACKAGE,True,2.0,1.0,8000.0,Saturday,April,1.0,False,0.0
65,ARRIVED,2026-04-11,2026-04-14,PCL,2 HARI,OCEAN FRESH,3.0,,,,21000.0,0.0,NO VOUCHER,,PAID,FALSE,Customer_084,False,True,True,True,False,True,Complete,LAUNDRY PACKAGE,True,3.0,2.0,7000.0,Saturday,April,2.0,False,0.0
66,ARRIVED,2026-04-11,2026-04-15,PCS,3 HARI,OCEAN FRESH,3.72,,,,26040.0,0.0,NO VOUCHER,,PAID,FALSE,Customer_036,False,True,True,True,False,True,Complete,LAUNDRY PACKAGE,True,4.0,3.0,7000.0,Saturday,April,3.0,False,0.0
67,ARRIVED,2026-04-11,2026-04-15,PCL,3 HARI,OCEAN FRESH,3.645,,,,21870.0,0.0,NO VOUCHER,,PAID,FALSE,Customer_019,False,True,True,True,False,True,Complete,LAUNDRY PACKAGE,True,4.0,3.0,6000.0,Saturday,April,3.0,False,0.0
68,ARRIVED,2026-04-11,2026-04-14,PCS,2 HARI,OCEAN FRESH,3.445,,,,27560.0,0.0,NO VOUCHER,,PAID,FALSE,Customer_097,False,True,True,True,False,True,Complete,LAUNDRY PACKAGE,True,3.0,2.0,8000.0,Saturday,April,2.0,False,0.0
69,ARRIVED,2026-04-13,2026-04-16,PCS,3 HARI,PHILUX,2.77,,,,19390.0,0.0,NO VOUCHER,,PAID,FALSE,Customer_078,False,True,True,True,False,True,Complete,LAUNDRY PACKAGE,True,3.0,3.0,7000.0,Monday,April,3.0,False,0.0
70,UNKNOWN,,2026-04-16,PS,3 HARI,PHILUX,3.075,,,,15375.0,0.0,NO VOUCHER,,,FALSE,Customer_UNKNOWN,False,False,True,True,False,True,"Missing Customer, Order Date",LAUNDRY PACKAGE,True,,,5000.0,,,3.0,,
71,ARRIVED,2026-04-13,2026-04-13,PCS,10 JAM,SAKURA,6.035,,,,93543.0,0.0,NO VOUCHER,,PAID,FALSE,Customer_046,False,True,True,True,False,True,Complete,LAUNDRY PACKAGE,True,0.0,0.0,15500.082850041425,Monday,April,0.4166666666666667,False,-0.4166666666666667
72,ARRIVED,2026-04-13,2026-04-16,PCS,3 HARI,ROSE,3.0,,,,21000.0,0.0,NO VOUCHER,,PAID,FALSE,Customer_028,False,True,True,True,False,True,Complete,LAUNDRY PACKAGE,True,3.0,3.0,7000.0,Monday,April,3.0,False,0.0
73,ARRIVED,2026-04-13,2026-04-16,PCS,3 HARI,ROSE,3.0,,,,21000.0,0.0,NO VOUCHER,,PAID,FALSE,Customer_022,False,True,True,True,False,True,Complete,LAUNDRY PACKAGE,True,3.0,3.0,7000.0,Monday,April,3.0,False,0.0
74,ARRIVED,2026-04-13,2026-04-16,PCS,3 HARI,SAKURA,10.225,,,,71575.0,0.0,NO VOUCHER,,PAID,FALSE,Customer_109,False,True,True,True,False,True,Complete,LAUNDRY PACKAGE,True,3.0,3.0,7000.0,Monday,April,3.0,False,0.0
75,UNKNOWN,2026-04-13,2026-04-16,PS,3 HARI,OCEAN FRESH,,,,,,0.0,NO VOUCHER,,PAID,FALSE,Customer_153,False,True,False,False,False,True,"Missing Revenue, Weight",LAUNDRY PACKAGE,False,3.0,3.0,,Monday,April,3.0,False,0.0
76,ARRIVED,2026-04-13,2026-04-16,PCS,3 HARI,OCEAN FRESH,6.18,,,,43260.0,0.0,NO VOUCHER,,PAID,FALSE,Customer_079,False,True,True,True,False,True,Complete,LAUNDRY PACKAGE,True,3.0,3.0,7000.0,Monday,April,3.0,False,0.0
77,ARRIVED,2026-04-13,2026-04-16,PCS,3 HARI,PHILUX,4.765,,,,33355.0,0.0,NO VOUCHER,,PAID,FALSE,Customer_154,False,True,True,True,False,True,Complete,LAUNDRY PACKAGE,True,3.0,3.0,7000.000000000001,Monday,April,3.0,False,0.0
78,ARRIVED,2026-04-13,2026-04-16,PCL,3 HARI,PHILUX,4.45,,,,26700.0,0.0,NO VOUCHER,,PAID,FALSE,Customer_120,False,True,True,True,False,True,Complete,LAUNDRY PACKAGE,True,3.0,3.0,6000.0,Monday,April,3.0,False,0.0
79,UNKNOWN,2026-04-13,2026-04-14,PCS,1 HARI,ROSE,,"Selimut Tipis, Sprei Kecil, Sprei Sedang",,6000.0,,0.0,NO VOUCHER,,PAID,FALSE,Customer_134,False,True,False,False,False,True,"Missing Revenue, Weight",LAUNDRY PACKAGE,False,1.0,1.0,,Monday,April,1.0,False,0.0
80,UNKNOWN,,2026-04-14,PS,1 HARI,ROSE,26.475,"Sprei Sedang, Sprei Besar",,6000.0,,0.0,NO VOUCHER,,,FALSE,Customer_UNKNOWN,False,False,False,True,False,True,"Missing Customer, Order Date, Revenue",LAUNDRY PACKAGE,True,,,,,,1.0,,
81,ARRIVED,2026-04-13,2026-04-15,PCS,2 HARI,PHILUX,5.79,Handuk,,,,10000.0,#EC0013,,PAID,FALSE,Customer_064,False,True,False,True,False,True,Missing Revenue,LAUNDRY PACKAGE,True,2.0,2.0,,Monday,April,2.0,False,0.0
82,ARRIVED,2026-04-14,2026-04-17,PCS,3 HARI,ROSE,4.68,,,,32760.0,0.0,NO VOUCHER,,PAID,FALSE,Customer_128,False,True,True,True,False,True,Complete,LAUNDRY PACKAGE,True,3.0,3.0,7000.0,Tuesday,April,3.0,False,0.0
83,ARRIVED,2026-04-14,2026-04-17,PCS,3 HARI,OCEAN FRESH,3.285,,,,12995.0,10000.0,#EC0002,,PAID,FALSE,Customer_025,False,True,True,True,False,True,Complete,LAUNDRY PACKAGE,True,3.0,3.0,3955.8599695585995,Tuesday,April,3.0,False,0.0
84,ARRIVED,2026-04-16,2026-04-18,PCS,2 HARI,SAKURA,2.55,,,,20400.0,0.0,NO VOUCHER,,PAID,FALSE,Customer_085,False,True,True,True,False,True,Complete,LAUNDRY PACKAGE,True,2.0,2.0,8000.000000000001,Thursday,April,2.0,False,0.0
85,UNKNOWN,,2026-04-20,PCS,3 HARI,NOT RECORDED,2.77,,,,19390.0,0.0,NO VOUCHER,,,FALSE,Customer_UNKNOWN,False,False,True,True,False,True,"Missing Customer, Order Date",LAUNDRY PACKAGE,True,,,7000.0,,,3.0,,
86,ARRIVED,2026-04-14,2026-04-16,PCS,2 HARI,BACCARAT,4.725,,,,37800.0,0.0,NO VOUCHER,,PAID,FALSE,Customer_075,False,True,True,True,False,True,Complete,LAUNDRY PACKAGE,True,2.0,2.0,8000.000000000001,Tuesday,April,2.0,False,0.0
87,ARRIVED,2026-04-15,2026-04-16,PCS,1 HARI,OCEAN FRESH,3.0,,,,27000.0,0.0,NO VOUCHER,,PAID,FALSE,Customer_008,False,True,True,True,False,True,Complete,LAUNDRY PACKAGE,True,1.0,1.0,9000.0,Wednesday,April,1.0,False,0.0
88,ARRIVED,2026-04-15,2026-04-16,PCS,1 HARI,BACCARAT,5.01,,,,45090.0,0.0,NO VOUCHER,,PAID,FALSE,Customer_010,False,True,True,True,False,True,Complete,LAUNDRY PACKAGE,True,1.0,1.0,9000.0,Wednesday,April,1.0,False,0.0
89,ARRIVED,2026-04-15,2026-04-18,PCS,3 HARI,SAKURA,4.29,,,,30030.0,0.0,NO VOUCHER,,PAID,FALSE,Customer_147,False,True,True,True,False,True,Complete,LAUNDRY PACKAGE,True,3.0,3.0,7000.0,Wednesday,April,3.0,False,0.0
90,ARRIVED,2026-04-15,2026-04-16,PCS,1 HARI,OCEAN FRESH,8.63,,,,77670.0,0.0,NO VOUCHER,,PAID,FALSE,Customer_060,False,True,True,True,False,True,Complete,LAUNDRY PACKAGE,True,1.0,1.0,9000.0,Wednesday,April,1.0,False,0.0
91,ARRIVED,2026-04-15,2026-04-18,PCS,3 HARI,BACCARAT,3.955,,,,27685.0,0.0,NO VOUCHER,,PAID,FALSE,Customer_067,False,True,True,True,False,True,Complete,LAUNDRY PACKAGE,True,3.0,3.0,7000.0,Wednesday,April,3.0,False,0.0
92,ARRIVED,2026-04-15,2026-04-18,PCL,3 HARI,PHILUX,6.64,,,,39840.0,0.0,NO VOUCHER,,PAID,FALSE,Customer_122,False,True,True,True,False,True,Complete,LAUNDRY PACKAGE,True,3.0,3.0,6000.0,Wednesday,April,3.0,False,0.0
93,ARRIVED,2026-04-16,2026-04-17,PCS,1 HARI,BACCARAT,9.32,,,,83880.0,0.0,NO VOUCHER,,PAID,FALSE,Customer_096,False,True,True,True,False,True,Complete,LAUNDRY PACKAGE,True,1.0,1.0,9000.0,Thursday,April,1.0,False,0.0
94,ARRIVED,2026-04-16,2026-04-18,PCS,2 HARI,OCEAN FRESH,10.365,,,,82920.0,0.0,NO VOUCHER,,PAID,FALSE,Customer_071,False,True,True,True,False,True,Complete,LAUNDRY PACKAGE,True,2.0,2.0,8000.0,Thursday,April,2.0,False,0.0
95,UNKNOWN,,2026-04-17,SATUAN,1 HARI,OCEAN FRESH,,Boneka (S),,6000.0,,0.0,NO VOUCHER,,,FALSE,Customer_UNKNOWN,False,False,False,False,False,True,"Missing Customer, Order Date, Revenue, Weight",PER ITEM,False,,,,,,1.0,,
96,ARRIVED,2026-04-16,2026-04-20,SATUAN,3 HARI,SAKURA,,"Bed Cover Besar, Bed Cover Sedang, Selimut Tipis",,,,0.0,NO VOUCHER,,PAID,FALSE,Customer_046,False,True,False,False,False,True,"Missing Revenue, Weight",PER ITEM,False,4.0,3.0,,Thursday,April,3.0,False,0.0
97,ARRIVED,2026-04-16,2026-04-17,PCS,1 HARI,ROSE,7.025,,,,63225.0,0.0,NO VOUCHER,,PAID,FALSE,Customer_145,False,True,True,True,False,True,Complete,LAUNDRY PACKAGE,True,1.0,1.0,9000.0,Thursday,April,1.0,False,0.0
98,ARRIVED,2026-04-16,2026-04-21,PCS,3 HARI,OCEAN FRESH,3.0,,,,21000.0,0.0,NO VOUCHER,,PAID,FALSE,Customer_058,False,True,True,True,False,True,Complete,LAUNDRY PACKAGE,True,5.0,4.0,7000.0,Thursday,April,3.0,True,1.0
99,ARRIVED,2026-04-17,2026-04-21,PCS,3 HARI,OCEAN FRESH,3.2,,,,22400.0,0.0,NO VOUCHER,,PAID,FALSE,Customer_030,False,True,True,True,False,True,Complete,LAUNDRY PACKAGE,True,4.0,3.0,7000.0,Friday,April,3.0,False,0.0
100,ARRIVED,2026-04-17,2026-04-18,PCS,1 HARI,OCEAN FRESH,3.89,,,,35010.0,0.0,NO VOUCHER,,PAID,FALSE,Customer_071,False,True,True,True,False,True,Complete,LAUNDRY PACKAGE,True,1.0,1.0,9000.0,Friday,April,1.0,False,0.0
101,UNKNOWN,,2026-04-22,SATUAN,4 HARI,NOT RECORDED,,Deep Clean,,,,0.0,NO VOUCHER,,,FALSE,Customer_UNKNOWN,False,False,False,False,False,True,"Missing Customer, Order Date, Revenue, Weight",PER ITEM,False,,,,,,4.0,,
102,ARRIVED,2026-04-17,2026-04-21,PCS,3 HARI,BACCARAT,3.03,,,,24240.0,0.0,NO VOUCHER,,PAID,FALSE,Customer_049,False,True,True,True,False,True,Complete,LAUNDRY PACKAGE,True,4.0,3.0,8000.000000000001,Friday,April,3.0,False,0.0
103,ARRIVED,2026-04-17,2026-04-20,PCS,2 HARI,OCEAN FRESH,3.89,Deep Clean,,,,0.0,NO VOUCHER,,PAID,FALSE,Customer_071,False,True,False,True,False,True,Missing Revenue,LAUNDRY PACKAGE,True,3.0,2.0,,Friday,April,2.0,False,0.0
104,ARRIVED,2026-04-17,2026-04-21,PCS,3 HARI,SAKURA,5.565,Sprei Sedang,,,38955.0,10000.0,#EC0015,,PAID,FALSE,Customer_037,False,True,True,True,False,True,Complete,LAUNDRY PACKAGE,True,4.0,3.0,6999.999999999999,Friday,April,3.0,False,0.0
105,ARRIVED,2026-04-17,2026-04-20,PCS,2 HARI,SAKURA,3.0,,,,14000.0,10000.0,#EC0010,,PAID,FALSE,Customer_131,False,True,True,True,False,True,Complete,LAUNDRY PACKAGE,True,3.0,2.0,4666.666666666667,Friday,April,2.0,False,0.0
106,ARRIVED,2026-04-17,2026-04-21,PCS,3 HARI,ROSE,3.0,,,,21000.0,0.0,NO VOUCHER,,PAID,FALSE,Customer_022,False,True,True,True,False,True,Complete,LAUNDRY PACKAGE,True,4.0,3.0,7000.0,Friday,April,3.0,False,0.0
107,ARRIVED,2026-04-17,2026-04-21,PCS,3 HARI,OCEAN FRESH,3.0,Sprei Sedang,,,,0.0,NO VOUCHER,,PAID,FALSE,Customer_008,False,True,False,True,False,True,Missing Revenue,LAUNDRY PACKAGE,True,4.0,3.0,,Friday,April,3.0,False,0.0
108,ARRIVED,2026-04-17,2026-04-21,PCS,3 HARI,SAKURA,3.0,,,,21000.0,0.0,NO VOUCHER,,PAID,FALSE,Customer_091,False,True,True,True,False,True,Complete,LAUNDRY PACKAGE,True,4.0,3.0,7000.0,Friday,April,3.0,False,0.0
109,ARRIVED,2026-04-17,2026-04-18,PCS,1 HARI,SAKURA,3.0,,,,27000.0,0.0,NO VOUCHER,,PAID,FALSE,Customer_023,False,True,True,True,False,True,Complete,LAUNDRY PACKAGE,True,1.0,1.0,9000.0,Friday,April,1.0,False,0.0
110,ARRIVED,2026-04-17,2026-04-18,PCS,1 HARI,BACCARAT,4.495,,,,40455.0,0.0,NO VOUCHER,,PAID,FALSE,Customer_101,False,True,True,True,False,True,Complete,LAUNDRY PACKAGE,True,1.0,1.0,9000.0,Friday,April,1.0,False,0.0
111,ARRIVED,2026-04-17,2026-04-20,PCS,2 HARI,SAKURA,3.53,,,,28240.0,0.0,NO VOUCHER,,PAID,FALSE,Customer_005,False,True,True,True,False,True,Complete,LAUNDRY PACKAGE,True,3.0,2.0,8000.0,Friday,April,2.0,False,0.0
112,ARRIVED,2026-04-17,2026-04-21,PS,3 HARI,OCEAN FRESH,9.105,,,,45525.0,0.0,NO VOUCHER,,PAID,FALSE,Customer_153,False,True,True,True,False,True,Complete,LAUNDRY PACKAGE,True,4.0,3.0,5000.0,Friday,April,3.0,False,0.0
113,ARRIVED,2026-04-17,2026-04-21,PCL,3 HARI,SAKURA,4.2,,,,25200.0,0.0,NO VOUCHER,,PAID,FALSE,Customer_074,False,True,True,True,False,True,Complete,LAUNDRY PACKAGE,True,4.0,3.0,6000.0,Friday,April,3.0,False,0.0
114,ARRIVED,2026-04-17,2026-04-21,PCS,3 HARI,OCEAN FRESH,3.0,,,,24000.0,0.0,NO VOUCHER,,PAID,FALSE,Customer_016,False,True,True,True,False,True,Complete,LAUNDRY PACKAGE,True,4.0,3.0,8000.0,Friday,April,3.0,False,0.0
115,ARRIVED,2026-04-17,2026-04-21,PCS,3 HARI,BACCARAT,3.4,,,,23800.0,0.0,NO VOUCHER,,PAID,FALSE,Customer_142,False,True,True,True,False,True,Complete,LAUNDRY PACKAGE,True,4.0,3.0,7000.0,Friday,April,3.0,False,0.0
116,ARRIVED,2026-04-17,2026-04-21,PCS,3 HARI,ROSE,3.325,"Sprei Besar, Handuk",,,,0.0,NO VOUCHER,,PAID,FALSE,Customer_059,False,True,False,True,False,True,Missing Revenue,LAUNDRY PACKAGE,True,4.0,3.0,,Friday,April,3.0,False,0.0
117,ARRIVED,2026-04-17,2026-04-20,PCS,2 HARI,PHILUX,3.645,,,,29160.0,0.0,NO VOUCHER,,PAID,FALSE,Customer_011,False,True,True,True,False,True,Complete,LAUNDRY PACKAGE,True,3.0,2.0,8000.0,Friday,April,2.0,False,0.0
118,ARRIVED,2026-04-17,2026-04-21,PCS,3 HARI,OCEAN FRESH,4.66,Sprei Sedang,,,,0.0,NO VOUCHER,,PAID,FALSE,Customer_107,False,True,False,True,False,True,Missing Revenue,LAUNDRY PACKAGE,True,4.0,3.0,,Friday,April,3.0,False,0.0
119,ARRIVED,2026-04-17,2026-04-18,PCS,1 HARI,OCEAN FRESH,3.845,,,,26915.0,0.0,NO VOUCHER,,PAID,FALSE,Customer_041,False,True,True,True,False,True,Complete,LAUNDRY PACKAGE,True,1.0,1.0,7000.0,Friday,April,1.0,False,0.0
120,UNKNOWN,,2026-04-21,PCS,3 HARI,PHILUX,6.475,,,,45325.0,0.0,NO VOUCHER,,PAID,FALSE,Customer_UNKNOWN,False,False,True,True,False,True,"Missing Customer, Order Date",LAUNDRY PACKAGE,True,,,7000.0,,,3.0,,
121,ARRIVED,2026-04-17,2026-04-18,PCS,1 HARI,BACCARAT,1.995,,,,17955.0,0.0,NO VOUCHER,,PAID,FALSE,Customer_053,False,True,True,True,False,True,Complete,LAUNDRY PACKAGE,True,1.0,1.0,9000.0,Friday,April,1.0,False,0.0
122,UNKNOWN,,2026-04-21,PCL,3 HARI,NOT RECORDED,4.965,,,,29790.0,0.0,NO VOUCHER,,,FALSE,Customer_UNKNOWN,False,False,True,True,False,True,"Missing Customer, Order Date",LAUNDRY PACKAGE,True,,,6000.0,,,3.0,,
123,ARRIVED,2026-04-18,2026-04-22,SATUAN,3 HARI,SAKURA,,Bed Cover Sedang,,,,0.0,NO VOUCHER,,PAID,FALSE,Customer_151,False,True,False,False,False,True,"Missing Revenue, Weight",PER ITEM,False,4.0,3.0,,Saturday,April,3.0,False,0.0
124,ARRIVED,2026-04-18,2026-04-22,PS,3 HARI,OCEAN FRESH,2.68,,,,13400.0,0.0,NO VOUCHER,,PAID,FALSE,Customer_153,False,True,True,True,False,True,Complete,LAUNDRY PACKAGE,True,4.0,3.0,5000.0,Saturday,April,3.0,False,0.0
125,UNKNOWN,,2026-04-22,PCS,3 HARI,NOT RECORDED,6.425,Sprei Sedang,,,,0.0,NO VOUCHER,,,FALSE,Customer_UNKNOWN,False,False,False,True,False,True,"Missing Customer, Order Date, Revenue",LAUNDRY PACKAGE,True,,,,,,3.0,,
126,ARRIVED,2026-04-18,2026-04-23,SATUAN,5 HARI,NOT RECORDED,,Medium (Backpack),,,,0.0,NO VOUCHER,,PAID,FALSE,Customer_128,False,True,False,False,False,True,"Missing Revenue, Weight",PER ITEM,False,5.0,4.0,,Saturday,April,5.0,False,-1.0
127,UNKNOWN,,2026-04-22,SATUAN,3 HARI,OCEAN FRESH,,"Selimut Tipis, Bed Cover Besar",,,,0.0,NO VOUCHER,,,FALSE,Customer_UNKNOWN,False,False,False,False,False,True,"Missing Customer, Order Date, Revenue, Weight",PER ITEM,False,,,,,,3.0,,
128,ARRIVED,2026-04-18,2026-04-22,PCS,3 HARI,ROSE,6.555,,,,45885.0,0.0,NO VOUCHER,,PAID,FALSE,Customer_138,False,True,True,True,False,True,Complete,LAUNDRY PACKAGE,True,4.0,3.0,7000.0,Saturday,April,3.0,False,0.0
129,ARRIVED,2026-04-18,2026-04-22,PCS,3 HARI,ROSE,4.88,Sprei Sedang,,,,0.0,NO VOUCHER,,PAID,FALSE,Customer_100,False,True,False,True,False,True,Missing Revenue,LAUNDRY PACKAGE,True,4.0,3.0,,Saturday,April,3.0,False,0.0
130,ARRIVED,2026-04-18,2026-04-22,PCS,3 HARI,OCEAN FRESH,3.61,,,,25270.0,0.0,NO VOUCHER,,PAID,FALSE,Customer_036,False,True,True,True,False,True,Complete,LAUNDRY PACKAGE,True,4.0,3.0,7000.0,Saturday,April,3.0,False,0.0
131,ARRIVED,2026-04-18,2026-04-22,PCS,3 HARI,BACCARAT,3.37,,,,23590.0,0.0,NO VOUCHER,,PAID,FALSE,Customer_029,False,True,True,True,False,True,Complete,LAUNDRY PACKAGE,True,4.0,3.0,7000.0,Saturday,April,3.0,False,0.0
132,ARRIVED,2026-04-18,2026-04-22,PCS,3 HARI,SAKURA,8.675,Sprei Besar,,,,0.0,NO VOUCHER,,PAID,FALSE,Customer_109,False,True,False,True,False,True,Missing Revenue,LAUNDRY PACKAGE,True,4.0,3.0,,Saturday,April,3.0,False,0.0
133,ARRIVED,2026-04-20,2026-04-20,PCS,10 JAM,SAKURA,3.06,,,,47430.0,0.0,NO VOUCHER,,PAID,FALSE,Customer_046,False,True,True,True,False,True,Complete,LAUNDRY PACKAGE,True,0.0,0.0,15500.0,Monday,April,0.4166666666666667,False,-0.4166666666666667
134,ARRIVED,2026-04-20,2026-04-23,PCS,3 HARI,PHILUX,4.95,Sprei Sedang,,,,0.0,NO VOUCHER,,PAID,FALSE,Customer_035,False,True,False,True,False,True,Missing Revenue,LAUNDRY PACKAGE,True,3.0,3.0,,Monday,April,3.0,False,0.0
135,ARRIVED,2026-04-20,2026-04-21,PCL,1 HARI,ROSE,3.655,,,,29240.0,0.0,NO VOUCHER,,PAID,FALSE,Customer_123,False,True,True,True,False,True,Complete,LAUNDRY PACKAGE,True,1.0,1.0,8000.0,Monday,April,1.0,False,0.0
136,ARRIVED,2026-04-20,2026-04-21,PCS,1 HARI,OCEAN FRESH,4.31,,,,38790.0,10000.0,#EC0009,,PAID,FALSE,Customer_148,False,True,True,True,False,True,Complete,LAUNDRY PACKAGE,True,1.0,1.0,9000.0,Monday,April,1.0,False,0.0
137,ARRIVED,2026-04-20,2026-04-23,PCS,3 HARI,SAKURA,3.14,,,,21980.0,0.0,NO VOUCHER,,PAID,FALSE,Customer_139,False,True,True,True,False,True,Complete,LAUNDRY PACKAGE,True,3.0,3.0,7000.0,Monday,April,3.0,False,0.0
138,ARRIVED,2026-04-20,2026-04-23,PCS,3 HARI,SAKURA,4.72,,,,33040.0,0.0,NO VOUCHER,,PAID,FALSE,Customer_024,False,True,True,True,False,True,Complete,LAUNDRY PACKAGE,True,3.0,3.0,7000.0,Monday,April,3.0,False,0.0
139,ARRIVED,2026-04-20,2026-04-23,PCS,3 HARI,ROSE,3.0,,,,21000.0,0.0,NO VOUCHER,,PAID,FALSE,Customer_117,False,True,True,True,False,True,Complete,LAUNDRY PACKAGE,True,3.0,3.0,7000.0,Monday,April,3.0,False,0.0
140,ARRIVED,2026-04-21,2026-04-24,PCS,3 HARI,BACCARAT,3.0,,,,21000.0,0.0,NO VOUCHER,,PAID,FALSE,Customer_049,False,True,True,True,False,True,Complete,LAUNDRY PACKAGE,True,3.0,3.0,7000.0,Tuesday,April,3.0,False,0.0
141,ARRIVED,2026-04-21,2026-04-22,PCS,1 HARI,PHILUX,3.0,,,,27000.0,0.0,NO VOUCHER,,PAID,FALSE,Customer_135,False,True,True,True,False,True,Complete,LAUNDRY PACKAGE,True,1.0,1.0,9000.0,Tuesday,April,1.0,False,0.0
142,ARRIVED,2026-04-21,2026-04-25,PCS,3 HARI,OCEAN FRESH,3.0,,,,21000.0,0.0,NO VOUCHER,,PAID,FALSE,Customer_043,False,True,True,True,False,True,Complete,LAUNDRY PACKAGE,True,4.0,4.0,7000.0,Tuesday,April,3.0,True,1.0
143,ARRIVED,2026-04-21,2026-04-24,PCL,3 HARI,OCEAN FRESH,3.67,,,,22020.0,0.0,NO VOUCHER,,PAID,FALSE,Customer_019,False,True,True,True,False,True,Complete,LAUNDRY PACKAGE,True,3.0,3.0,6000.0,Tuesday,April,3.0,False,0.0
144,UNKNOWN,,,SATUAN,4 HARI,NOT RECORDED,,Deep Clean,,,,0.0,NO VOUCHER,,,FALSE,Customer_UNKNOWN,False,False,False,False,False,False,"Missing Customer, Order Date, Completion Date, Revenue, Weight",PER ITEM,False,,,,,,4.0,,
145,ARRIVED,2026-04-21,2026-04-22,PCS,1 HARI,BACCARAT,3.76,,,,33840.0,0.0,NO VOUCHER,,PAID,FALSE,Customer_101,False,True,True,True,False,True,Complete,LAUNDRY PACKAGE,True,1.0,1.0,9000.0,Tuesday,April,1.0,False,0.0
146,ARRIVED,2026-04-22,2026-04-23,PCL,1 HARI,PHILUX,5.905,,,,47240.0,0.0,NO VOUCHER,,PAID,FALSE,Customer_087,False,True,True,True,False,True,Complete,LAUNDRY PACKAGE,True,1.0,1.0,8000.0,Wednesday,April,1.0,False,0.0
147,ARRIVED,2026-04-22,2026-04-24,SATUAN,2 HARI,SAKURA,,Selimut Sedang,,3000.0,,10000.0,#EC0042,,PAID,FALSE,Customer_007,False,True,False,False,False,True,"Missing Revenue, Weight",PER ITEM,False,2.0,2.0,,Wednesday,April,2.0,False,0.0
148,ARRIVED,2026-04-22,2026-04-24,PCS,2 HARI,BACCARAT,6.98,,,,55840.0,0.0,NO VOUCHER,,PAID,FALSE,Customer_075,False,True,True,True,False,True,Complete,LAUNDRY PACKAGE,True,2.0,2.0,7999.999999999999,Wednesday,April,2.0,False,0.0
149,ARRIVED,2026-04-22,2026-04-24,PCS,2 HARI,SAKURA,5.04,,,,40320.0,0.0,NO VOUCHER,,PAID,FALSE,Customer_005,False,True,True,True,False,True,Complete,LAUNDRY PACKAGE,True,2.0,2.0,8000.0,Wednesday,April,2.0,False,0.0
150,ARRIVED,2026-04-22,2026-04-25,PCS,3 HARI,ROSE,3.0,,,,21000.0,0.0,NO VOUCHER,,PAID,FALSE,Customer_022,False,True,True,True,False,True,Complete,LAUNDRY PACKAGE,True,3.0,3.0,7000.0,Wednesday,April,3.0,False,0.0
151,ARRIVED,2026-04-22,2026-04-24,PCS,2 HARI,ROSE,3.065,,,,19520.0,5000.0,#GR0018,,PAID,FALSE,Customer_001,False,True,True,True,False,True,Complete,LAUNDRY PACKAGE,True,2.0,2.0,6368.678629690049,Wednesday,April,2.0,False,0.0
152,ARRIVED,2026-04-22,2026-04-25,PCS,3 HARI,OCEAN FRESH,3.0,Sprei Besar,,,,0.0,NO VOUCHER,,PAID,FALSE,Customer_083,False,True,False,True,False,True,Missing Revenue,LAUNDRY PACKAGE,True,3.0,3.0,,Wednesday,April,3.0,False,0.0
153,ARRIVED,2026-04-22,2026-04-27,PCS,3 HARI,OCEAN FRESH,3.0,,,,21000.0,0.0,NO VOUCHER,,PAID,FALSE,Customer_016,False,True,True,True,False,True,Complete,LAUNDRY PACKAGE,True,5.0,4.0,7000.0,Wednesday,April,3.0,True,1.0
154,ARRIVED,2026-04-22,2026-04-25,PCS,3 HARI,SAKURA,3.07,Jeans,,,,0.0,NO VOUCHER,,PAID,FALSE,Customer_085,False,True,False,True,False,True,Missing Revenue,LAUNDRY PACKAGE,True,3.0,3.0,,Wednesday,April,3.0,False,0.0
155,UNKNOWN,2026-04-22,2026-04-27,PCS,3 HARI,SAKURA,,Sprei Kecil,,,,0.0,NO VOUCHER,,PAID,FALSE,Customer_017,False,True,False,False,False,True,"Missing Revenue, Weight",LAUNDRY PACKAGE,False,5.0,4.0,,Wednesday,April,3.0,True,1.0
156,ARRIVED,2026-04-23,2026-04-27,PCS,3 HARI,SAKURA,3.0,,,,21000.0,0.0,NO VOUCHER,,PAID,FALSE,Customer_139,False,True,True,True,False,True,Complete,LAUNDRY PACKAGE,True,4.0,3.0,7000.0,Thursday,April,3.0,False,0.0
157,ARRIVED,2026-04-23,2026-04-24,PCS,1 HARI,ROSE,3.51,,,,31590.0,0.0,NO VOUCHER,,PAID,FALSE,Customer_073,False,True,True,True,False,True,Complete,LAUNDRY PACKAGE,True,1.0,1.0,9000.0,Thursday,April,1.0,False,0.0
158,ARRIVED,2026-04-23,2026-04-24,PCS,1 HARI,BACCARAT,5.28,,,,47520.0,10000.0,#EC0024,,PAID,FALSE,Customer_070,False,True,True,True,False,True,Complete,LAUNDRY PACKAGE,True,1.0,1.0,9000.0,Thursday,April,1.0,False,0.0
159,UNKNOWN,2026-04-23,2026-04-27,PCS,3 HARI,SAKURA,,,,,,0.0,NO VOUCHER,,PAID,FALSE,Customer_147,False,True,False,False,False,True,"Missing Revenue, Weight",LAUNDRY PACKAGE,False,4.0,3.0,,Thursday,April,3.0,False,0.0
160,ARRIVED,2026-04-23,2026-04-25,PCS,2 HARI,ROSE,6.26,"Selimut Tipis, Sprei Besar",,,,0.0,NO VOUCHER,,PAID,FALSE,Customer_152,False,True,False,True,False,True,Missing Revenue,LAUNDRY PACKAGE,True,2.0,2.0,,Thursday,April,2.0,False,0.0
161,ARRIVED,2026-04-23,2026-04-27,PCS,3 HARI,OCEAN FRESH,3.5,,,,24500.0,0.0,NO VOUCHER,,PAID,FALSE,Customer_025,False,True,True,True,False,True,Complete,LAUNDRY PACKAGE,True,4.0,3.0,7000.0,Thursday,April,3.0,False,0.0
162,ARRIVED,2026-04-24,2026-04-25,PCS,1 HARI,OCEAN FRESH,3.095,,,,27855.0,0.0,NO VOUCHER,,PAID,FALSE,Customer_121,False,True,True,True,False,True,Complete,LAUNDRY PACKAGE,True,1.0,1.0,9000.0,Friday,April,1.0,False,0.0
163,ARRIVED,2026-04-24,2026-04-24,PCS,10 JAM,SAKURA,3.445,,,,53398.0,0.0,NO VOUCHER,,PAID,FALSE,Customer_046,False,True,True,True,False,True,Complete,LAUNDRY PACKAGE,True,0.0,0.0,15500.145137880987,Friday,April,0.4166666666666667,False,-0.4166666666666667
164,ARRIVED,2026-04-24,2026-04-27,PCS,2 HARI,OCEAN FRESH,5.71,"Kemeja, Blazer",,3000.0,,0.0,NO VOUCHER,,PAID,FALSE,Customer_071,False,True,False,True,False,True,Missing Revenue,LAUNDRY PACKAGE,True,3.0,2.0,,Friday,April,2.0,False,0.0
165,ARRIVED,2026-04-24,2026-04-28,PCL,3 HARI,ROSE,5.075,,,,30450.0,0.0,NO VOUCHER,,PAID,FALSE,Customer_120,False,True,True,True,False,True,Complete,LAUNDRY PACKAGE,True,4.0,3.0,6000.0,Friday,April,3.0,False,0.0
166,UNKNOWN,2026-04-24,2026-04-28,PCS,3 HARI,ROSE,,,,,,0.0,NO VOUCHER,,PAID,FALSE,Customer_012,False,True,False,False,False,True,"Missing Revenue, Weight",LAUNDRY PACKAGE,False,4.0,3.0,,Friday,April,3.0,False,0.0
167,ARRIVED,2026-04-24,2026-04-28,PCS,3 HARI,OCEAN FRESH,4.0,,,,28000.0,0.0,NO VOUCHER,,PAID,FALSE,Customer_036,False,True,True,True,False,True,Complete,LAUNDRY PACKAGE,True,4.0,3.0,7000.0,Friday,April,3.0,False,0.0
168,ARRIVED,2026-04-24,2026-04-28,PCL,3 HARI,SAKURA,3.42,Sprei Sedang,,,,0.0,NO VOUCHER,,PAID,FALSE,Customer_095,False,True,False,True,False,True,Missing Revenue,LAUNDRY PACKAGE,True,4.0,3.0,,Friday,April,3.0,False,0.0
169,UNKNOWN,2026-04-24,2026-04-25,PCS,1 HARI,OCEAN FRESH,,,,,,0.0,NO VOUCHER,,PAID,FALSE,Customer_060,False,True,False,False,False,True,"Missing Revenue, Weight",LAUNDRY PACKAGE,False,1.0,1.0,,Friday,April,1.0,False,0.0
170,ARRIVED,2026-04-24,2026-04-25,PCS,1 HARI,SAKURA,3.0,,,,27000.0,0.0,NO VOUCHER,,PAID,FALSE,Customer_023,False,True,True,True,False,True,Complete,LAUNDRY PACKAGE,True,1.0,1.0,9000.0,Friday,April,1.0,False,0.0
171,ARRIVED,2026-04-24,2026-04-28,PCS,3 HARI,SAKURA,3.505,,,,24535.0,0.0,NO VOUCHER,,PAID,FALSE,Customer_091,False,True,True,True,False,True,Complete,LAUNDRY PACKAGE,True,4.0,3.0,7000.0,Friday,April,3.0,False,0.0
172,ARRIVED,2026-04-24,2026-04-28,PCS,3 HARI,PHILUX,3.94,,,,27580.0,0.0,NO VOUCHER,,PAID,FALSE,Customer_154,False,True,True,True,False,True,Complete,LAUNDRY PACKAGE,True,4.0,3.0,7000.0,Friday,April,3.0,False,0.0
173,ARRIVED,2026-04-24,2026-04-27,PCS,2 HARI,SAKURA,3.515,,,,28120.0,0.0,NO VOUCHER,,PAID,FALSE,Customer_143,False,True,True,True,False,True,Complete,LAUNDRY PACKAGE,True,3.0,2.0,8000.0,Friday,April,2.0,False,0.0
174,ARRIVED,2026-04-24,2026-04-28,PCL,3 HARI,ROSE,3.0,,,,18000.0,0.0,NO VOUCHER,,PAID,FALSE,Customer_059,False,True,True,True,False,True,Complete,LAUNDRY PACKAGE,True,4.0,3.0,6000.0,Friday,April,3.0,False,0.0
175,ARRIVED,2026-04-24,2026-04-28,PCS,3 HARI,OCEAN FRESH,3.0,,,,24000.0,0.0,NO VOUCHER,,PAID,FALSE,Customer_016,False,True,True,True,False,True,Complete,LAUNDRY PACKAGE,True,4.0,3.0,8000.0,Friday,April,3.0,False,0.0
176,ARRIVED,2026-04-24,2026-04-27,PCS,2 HARI,BACCARAT,3.3,,,,26400.0,0.0,NO VOUCHER,,PAID,FALSE,Customer_137,False,True,True,True,False,True,Complete,LAUNDRY PACKAGE,True,3.0,2.0,8000.0,Friday,April,2.0,False,0.0
177,ARRIVED,2026-04-24,2026-04-28,PCS,3 HARI,BACCARAT,4.13,,,,28910.0,0.0,NO VOUCHER,,PAID,FALSE,Customer_067,False,True,True,True,False,True,Complete,LAUNDRY PACKAGE,True,4.0,3.0,7000.0,Friday,April,3.0,False,0.0
178,ARRIVED,2026-04-24,2026-04-28,PS,3 HARI,OCEAN FRESH,5.345,"Bed Cover Besar, Sprei Sedang",,,,0.0,NO VOUCHER,,PAID,FALSE,Customer_153,False,True,False,True,False,True,Missing Revenue,LAUNDRY PACKAGE,True,4.0,3.0,,Friday,April,3.0,False,0.0
179,ARRIVED,2026-04-24,2026-04-28,PCS,3 HARI,SAKURA,3.44,,,,24080.0,0.0,NO VOUCHER,,PAID,FALSE,Customer_003,False,True,True,True,False,True,Complete,LAUNDRY PACKAGE,True,4.0,3.0,7000.0,Friday,April,3.0,False,0.0
180,ARRIVED,2026-04-25,2026-04-29,PCS,3 HARI,ROSE,4.39,Deep Clean,,,,30000.0,3 PASANG,,PAID,FALSE,Customer_138,False,True,False,True,False,True,Missing Revenue,LAUNDRY PACKAGE,True,4.0,3.0,,Saturday,April,3.0,False,0.0
181,ARRIVED,2026-04-25,2026-04-28,PCS,2 HARI,PHILUX,3.0,,,,24000.0,0.0,NO VOUCHER,,PAID,FALSE,Customer_008,False,True,True,True,False,True,Complete,LAUNDRY PACKAGE,True,3.0,2.0,8000.0,Saturday,April,2.0,False,0.0
182,UNKNOWN,2026-04-25,2026-04-29,PCS,3 HARI,OCEAN FRESH,,,,,,0.0,NO VOUCHER,,PAID,FALSE,Customer_079,False,True,False,False,False,True,"Missing Revenue, Weight",LAUNDRY PACKAGE,False,4.0,3.0,,Saturday,April,3.0,False,0.0
183,ARRIVED,2026-04-25,2026-04-29,PCS,3 HARI,SAKURA,4.28,,,,29960.0,0.0,NO VOUCHER,,PAID,FALSE,Customer_116,False,True,True,True,False,True,Complete,LAUNDRY PACKAGE,True,4.0,3.0,7000.0,Saturday,April,3.0,False,0.0
184,ARRIVED,2026-04-25,2026-04-28,PCS,2 HARI,BACCARAT,3.945,,,,31560.0,0.0,NO VOUCHER,,PAID,FALSE,Customer_010,False,True,True,True,False,True,Complete,LAUNDRY PACKAGE,True,3.0,2.0,8000.0,Saturday,April,2.0,False,0.0
185,ARRIVED,2026-04-25,2026-04-29,PCL,3 HARI,BACCARAT,3.92,,,,23520.0,0.0,NO VOUCHER,,PAID,FALSE,Customer_149,False,True,True,True,False,True,Complete,LAUNDRY PACKAGE,True,4.0,3.0,6000.0,Saturday,April,3.0,False,0.0
186,ARRIVED,2026-04-25,2026-04-29,PCS,3 HARI,ROSE,3.0,,,,21000.0,0.0,NO VOUCHER,,PAID,FALSE,Customer_028,False,True,True,True,False,True,Complete,LAUNDRY PACKAGE,True,4.0,3.0,7000.0,Saturday,April,3.0,False,0.0
187,ARRIVED,2026-04-25,2026-04-27,PCS,1 HARI,ROSE,6.585,Deep Clean,,,,10000.0,1 PASANG,,PAID,FALSE,Customer_145,False,True,False,True,False,True,Missing Revenue,LAUNDRY PACKAGE,True,2.0,1.0,,Saturday,April,1.0,False,0.0
188,ARRIVED,2026-04-25,2026-04-29,PCS,3 HARI,SAKURA,9.78,,,,68460.0,0.0,NO VOUCHER,,PAID,FALSE,Customer_109,False,True,True,True,False,True,Complete,LAUNDRY PACKAGE,True,4.0,3.0,7000.000000000001,Saturday,April,3.0,False,0.0
189,ARRIVED,2026-04-27,2026-04-28,PCS,1 HARI,ROSE,7.355,,,,66195.0,0.0,NO VOUCHER,66200.0,PAID,FALSE,Customer_152,False,True,True,True,False,True,Complete,LAUNDRY PACKAGE,True,1.0,1.0,9000.0,Monday,April,1.0,False,0.0
190,ARRIVED,2026-04-27,2026-04-30,PCS,3 HARI,SAKURA,4.71,,,,32970.0,0.0,NO VOUCHER,32970.0,PAID,FALSE,Customer_139,False,True,True,True,False,True,Complete,LAUNDRY PACKAGE,True,3.0,3.0,7000.0,Monday,April,3.0,False,0.0
191,ARRIVED,2026-04-27,2026-04-30,PCS,3 HARI,ROSE,5.145,,,,36015.0,0.0,NO VOUCHER,36015.0,PAID,FALSE,Customer_100,False,True,True,True,False,True,Complete,LAUNDRY PACKAGE,True,3.0,3.0,7000.000000000001,Monday,April,3.0,False,0.0
192,ARRIVED,2026-04-27,2026-04-28,PCS,1 HARI,BACCARAT,3.0,,,,27000.0,0.0,NO VOUCHER,27000.0,PAID,FALSE,Customer_101,False,True,True,True,False,True,Complete,LAUNDRY PACKAGE,True,1.0,1.0,9000.0,Monday,April,1.0,False,0.0
193,ARRIVED,2026-04-27,2026-04-28,PCL,1 HARI,OCEAN FRESH,4.245,,,,33960.0,0.0,NO VOUCHER,33960.0,PAID,FALSE,Customer_039,False,True,True,True,False,True,Complete,LAUNDRY PACKAGE,True,1.0,1.0,8000.0,Monday,April,1.0,False,0.0
194,ARRIVED,2026-04-27,2026-04-30,PCS,3 HARI,OCEAN FRESH,3.095,,,,21665.0,0.0,NO VOUCHER,21665.0,PAID,FALSE,Customer_006,False,True,True,True,False,True,Complete,LAUNDRY PACKAGE,True,3.0,3.0,7000.0,Monday,April,3.0,False,0.0
195,ARRIVED,2026-04-27,2026-04-30,PCS,3 HARI,ROSE,3.0,,,,21000.0,0.0,NO VOUCHER,21000.0,PAID,FALSE,Customer_022,False,True,True,True,False,True,Complete,LAUNDRY PACKAGE,True,3.0,3.0,7000.0,Monday,April,3.0,False,0.0
196,ARRIVED,2026-04-27,2026-04-30,PCS,3 HARI,BACCARAT,6.175,,,,43225.0,0.0,NO VOUCHER,44000.0,PAID,FALSE,Customer_047,False,True,True,True,False,True,Complete,LAUNDRY PACKAGE,True,3.0,3.0,7000.0,Monday,April,3.0,False,0.0
197,ARRIVED,2026-04-27,2026-04-30,PCS,3 HARI,PHILUX,9.46,,,,66220.0,0.0,NO VOUCHER,66220.0,PAID,FALSE,Customer_021,False,True,True,True,False,True,Complete,LAUNDRY PACKAGE,True,3.0,3.0,6999.999999999999,Monday,April,3.0,False,0.0
198,ARRIVED,2026-04-28,2026-05-02,PCS,3 HARI,BACCARAT,3.16,,,,22120.0,0.0,NO VOUCHER,22120.0,PAID,FALSE,Customer_049,False,True,True,True,False,True,Complete,LAUNDRY PACKAGE,True,4.0,4.0,7000.0,Tuesday,April,3.0,True,1.0
199,ARRIVED,2026-04-28,2026-05-02,PCS,3 HARI,SAKURA,3.505,,,,24535.0,0.0,NO VOUCHER,,PAID,FALSE,Customer_024,False,True,True,True,False,True,Complete,LAUNDRY PACKAGE,True,4.0,4.0,7000.0,Tuesday,April,3.0,True,1.0
200,ARRIVED,2026-04-28,2026-04-30,PCS,2 HARI,ROSE,3.22,Sprei Sedang,,3000.0,,0.0,NO VOUCHER,40760.0,PAID,FALSE,Customer_001,False,True,False,True,False,True,Missing Revenue,LAUNDRY PACKAGE,True,2.0,2.0,,Tuesday,April,2.0,False,0.0
201,ARRIVED,2026-04-28,2026-05-02,PCS,3 HARI,SAKURA,3.765,,,,26355.0,0.0,NO VOUCHER,26355.0,PAID,FALSE,Customer_130,False,True,True,True,False,True,Complete,LAUNDRY PACKAGE,True,4.0,4.0,7000.0,Tuesday,April,3.0,True,1.0
202,ARRIVED,2026-04-28,2026-05-02,PCS,3 HARI,PHILUX,4.935,,,,34545.0,0.0,NO VOUCHER,34545.0,PAID,FALSE,Customer_035,False,True,True,True,False,True,Complete,LAUNDRY PACKAGE,True,4.0,4.0,7000.000000000001,Tuesday,April,3.0,True,1.0
203,ARRIVED,2026-04-28,2026-05-02,PCL,3 HARI,SAKURA,3.82,,,,22920.0,0.0,NO VOUCHER,22920.0,PAID,FALSE,Customer_097,False,True,True,True,False,True,Complete,LAUNDRY PACKAGE,True,4.0,4.0,6000.0,Tuesday,April,3.0,True,1.0
204,ARRIVED,2026-04-28,2026-05-02,SATUAN,3 HARI,OCEAN FRESH,,"Bed Cover Besar, Sprei Sedang, Mukena",,,,0.0,NO VOUCHER,52000.0,PAID,FALSE,Customer_125,False,True,False,False,False,True,"Missing Revenue, Weight",PER ITEM,False,4.0,4.0,,Tuesday,April,3.0,True,1.0
205,ARRIVED,2026-04-28,2026-05-02,SATUAN,3 HARI,BACCARAT,,Bed Cover Besar,,,,0.0,NO VOUCHER,,PAID,FALSE,Customer_118,False,True,False,False,False,True,"Missing Revenue, Weight",PER ITEM,False,4.0,4.0,,Tuesday,April,3.0,True,1.0
206,ARRIVED,2026-04-28,2026-05-02,PCS,3 HARI,PHILUX,6.545,Sprei Kecil,,,,0.0,NO VOUCHER,53815.0,PAID,FALSE,Customer_086,False,True,False,True,False,True,Missing Revenue,LAUNDRY PACKAGE,True,4.0,4.0,,Tuesday,April,3.0,True,1.0
207,ARRIVED,2026-04-28,2026-04-30,PCS,2 HARI,SAKURA,5.14,,,,41120.0,0.0,NO VOUCHER,41120.0,PAID,FALSE,Customer_005,False,True,True,True,False,True,Complete,LAUNDRY PACKAGE,True,2.0,2.0,8000.000000000001,Tuesday,April,2.0,False,0.0
208,ARRIVED,2026-04-29,2026-05-04,PCS,3 HARI,OCEAN FRESH,3.0,Jaket/Blouse,,,,0.0,NO VOUCHER,51000.0,PAID,FALSE,Customer_030,False,True,False,True,False,True,Missing Revenue,LAUNDRY PACKAGE,True,5.0,4.0,,Wednesday,April,3.0,True,1.0
209,ARRIVED,2026-04-29,2026-05-04,PCL,3 HARI,PHILUX,6.745,,,,40470.0,0.0,NO VOUCHER,40470.0,PAID,FALSE,Customer_057,False,True,True,True,False,True,Complete,LAUNDRY PACKAGE,True,5.0,4.0,6000.0,Wednesday,April,3.0,True,1.0
210,ARRIVED,2026-04-29,2026-05-02,PCS,2 HARI,BACCARAT,5.345,,,,42760.0,0.0,NO VOUCHER,42760.0,PAID,FALSE,Customer_075,False,True,True,True,False,True,Complete,LAUNDRY PACKAGE,True,3.0,3.0,8000.0,Wednesday,April,2.0,True,1.0
211,ARRIVED,2026-04-30,2026-05-05,PCL,3 HARI,BACCARAT,9.765,,,,58590.0,0.0,NO VOUCHER,84000.0,PAID,FALSE,Customer_118,False,True,True,True,False,True,Complete,LAUNDRY PACKAGE,True,5.0,4.0,6000.0,Thursday,April,3.0,True,1.0
212,ARRIVED,2026-04-30,2026-05-05,PCL,3 HARI,ROSE,3.0,,,,18000.0,0.0,NO VOUCHER,18000.0,PAID,FALSE,Customer_059,False,True,True,True,False,True,Complete,LAUNDRY PACKAGE,True,5.0,4.0,6000.0,Thursday,April,3.0,True,1.0
213,ARRIVED,2026-04-30,2026-05-05,PCS,3 HARI,SAKURA,4.11,Sprei Sedang,,,,0.0,NO VOUCHER,66000.0,PAID,FALSE,Customer_024,False,True,False,True,False,True,Missing Revenue,LAUNDRY PACKAGE,True,5.0,4.0,,Thursday,April,3.0,True,1.0
214,ARRIVED,2026-04-30,2026-05-04,PCS,2 HARI,PHILUX,3.0,,,,24000.0,0.0,NO VOUCHER,24000.0,PAID,FALSE,Customer_008,False,True,True,True,False,True,Complete,LAUNDRY PACKAGE,True,4.0,3.0,8000.0,Thursday,April,2.0,True,1.0
215,ARRIVED,2026-04-30,2026-05-05,PCS,3 HARI,BACCARAT,3.315,,,,23205.0,0.0,NO VOUCHER,23205.0,PAID,FALSE,Customer_142,False,True,True,True,False,True,Complete,LAUNDRY PACKAGE,True,5.0,4.0,7000.0,Thursday,April,3.0,True,1.0
216,ARRIVED,2026-04-30,2026-05-05,PCS,3 HARI,SAKURA,5.41,,,,37870.0,0.0,NO VOUCHER,37870.0,PAID,FALSE,Customer_038,False,True,True,True,False,True,Complete,LAUNDRY PACKAGE,True,5.0,4.0,7000.0,Thursday,April,3.0,True,1.0
217,ARRIVED,2026-04-30,2026-05-05,PCS,3 HARI,ROSE,3.0,,,,21000.0,0.0,NO VOUCHER,21000.0,PAID,FALSE,Customer_022,False,True,True,True,False,True,Complete,LAUNDRY PACKAGE,True,5.0,4.0,7000.0,Thursday,April,3.0,True,1.0
218,ARRIVED,2026-04-30,2026-05-05,PCL,3 HARI,SAKURA,3.55,,,,21300.0,0.0,NO VOUCHER,21300.0,PAID,FALSE,Customer_074,False,True,True,True,False,True,Complete,LAUNDRY PACKAGE,True,5.0,4.0,6000.0,Thursday,April,3.0,True,1.0
219,ARRIVED,2026-04-30,2026-05-04,PCS,2 HARI,SAKURA,3.0,,,,24000.0,0.0,NO VOUCHER,24000.0,PAID,FALSE,Customer_023,False,True,True,True,False,True,Complete,LAUNDRY PACKAGE,True,4.0,3.0,8000.0,Thursday,April,2.0,True,1.0
220,ARRIVED,2026-04-30,2026-05-04,PCS,2 HARI,SAKURA,3.19,Sprei Sedang,,3000.0,,0.0,NO VOUCHER,40520.0,PAID,FALSE,Customer_143,False,True,False,True,False,True,Missing Revenue,LAUNDRY PACKAGE,True,4.0,3.0,,Thursday,April,2.0,True,1.0
221,ARRIVED,2026-04-30,2026-05-02,PCS,1 HARI,OCEAN FRESH,3.0,,,,27000.0,0.0,NO VOUCHER,27000.0,PAID,FALSE,Customer_016,False,True,True,True,False,True,Complete,LAUNDRY PACKAGE,True,2.0,2.0,9000.0,Thursday,April,1.0,True,1.0
222,ARRIVED,2026-04-30,2026-05-02,SATUAN,1 HARI,PHILUX,4.695,"Bed Cover Besar, Sprei Besar, Selimut Tipis",,6000.0,,0.0,NO VOUCHER,79390.0,PAID,FALSE,Customer_069,False,True,False,True,False,True,Missing Revenue,PER ITEM,False,2.0,2.0,,Thursday,April,1.0,True,1.0
224,ARRIVED,2026-05-02,2026-05-06,PCS,3 HARI,OCEAN FRESH,3.95,,,,27650.0,0.0,NO VOUCHER,27650.0,PAID,FALSE,Customer_121,False,True,True,True,False,True,Complete,LAUNDRY PACKAGE,True,4.0,3.0,7000.0,Saturday,May,3.0,False,0.0
225,ARRIVED,2026-05-02,2026-05-05,PCS,2 HARI,OCEAN FRESH,6.615,"Sprei Besar, Sprei Sedang",,3000.0,,0.0,NO VOUCHER,100920.0,PAID,FALSE,Customer_071,False,True,False,True,False,True,Missing Revenue,LAUNDRY PACKAGE,True,3.0,2.0,,Saturday,May,2.0,False,0.0
226,ARRIVED,2026-05-02,2026-05-06,PS,3 HARI,BACCARAT,3.0,,,,15000.0,0.0,NO VOUCHER,,PAID,FALSE,Customer_067,False,True,True,True,False,True,Complete,LAUNDRY PACKAGE,True,4.0,3.0,5000.0,Saturday,May,3.0,False,0.0
227,ARRIVED,2026-05-02,2026-05-04,PCS,1 HARI,BACCARAT,3.8,Sprei Sedang,,6000.0,,0.0,NO VOUCHER,52200.0,PAID,FALSE,Customer_101,False,True,False,True,False,True,Missing Revenue,LAUNDRY PACKAGE,True,2.0,1.0,,Saturday,May,1.0,False,0.0
228,ARRIVED,2026-05-02,2026-05-05,PCS,2 HARI,SAKURA,3.88,,,,31040.0,0.0,NO VOUCHER,31040.0,PAID,FALSE,Customer_005,False,True,True,True,False,True,Complete,LAUNDRY PACKAGE,True,3.0,2.0,8000.0,Saturday,May,2.0,False,0.0
229,ARRIVED,2026-05-02,2026-05-06,PCS,3 HARI,SAKURA,8.46,Sprei Besar,,,,0.0,NO VOUCHER,74220.0,PAID,FALSE,Customer_109,False,True,False,True,False,True,Missing Revenue,LAUNDRY PACKAGE,True,4.0,3.0,,Saturday,May,3.0,False,0.0
230,ARRIVED,2026-05-02,2026-05-16,PCS,10 JAM,SAKURA,3.515,,,,54483.0,0.0,NO VOUCHER,54483.0,PAID,FALSE,Customer_046,False,True,True,True,False,True,Complete,LAUNDRY PACKAGE,True,14.0,12.0,15500.142247510668,Saturday,May,0.4166666666666667,True,11.583333333333334
231,ARRIVED,2026-05-02,2026-05-07,SATUAN,4 HARI,NOT RECORDED,,Deep Clean,,,,0.0,2 PASANG,,PAID,FALSE,Customer_139,False,True,False,False,False,True,"Missing Revenue, Weight",PER ITEM,False,5.0,4.0,,Saturday,May,4.0,False,0.0
232,ARRIVED,2026-05-02,2026-05-05,PCS,2 HARI,SAKURA,3.0,,,,24000.0,0.0,NO VOUCHER,45175.0,PAID,FALSE,Customer_085,False,True,True,True,False,True,Complete,LAUNDRY PACKAGE,True,3.0,2.0,8000.0,Saturday,May,2.0,False,0.0
233,UNKNOWN,,,PCS,3 HARI,SAKURA,3.025,,,,21175.0,0.0,NO VOUCHER,,,FALSE,Customer_UNKNOWN,False,False,True,True,False,False,"Missing Customer, Order Date, Completion Date",LAUNDRY PACKAGE,True,,,7000.0,,,3.0,,
234,UNKNOWN,,,PCS,3 HARI,SAKURA,3.465,,,,27720.0,0.0,NO VOUCHER,,PAID,FALSE,Customer_UNKNOWN,False,False,True,True,False,False,"Missing Customer, Order Date, Completion Date",LAUNDRY PACKAGE,True,,,8000.0,,,3.0,,
235,UNKNOWN,,,PCS,3 HARI,SAKURA,3.0,,,,24000.0,0.0,NO VOUCHER,,,FALSE,Customer_UNKNOWN,False,False,True,True,False,False,"Missing Customer, Order Date, Completion Date",LAUNDRY PACKAGE,True,,,8000.0,,,3.0,,
236,ARRIVED,2026-05-02,2026-05-06,PCS,3 HARI,SAKURA,5.74,,,,40180.0,0.0,NO VOUCHER,40180.0,PAID,FALSE,Customer_090,False,True,True,True,False,True,Complete,LAUNDRY PACKAGE,True,4.0,3.0,7000.0,Saturday,May,3.0,False,0.0
237,ARRIVED,2026-05-02,2026-05-06,PCS,3 HARI,ROSE,3.0,,,,21000.0,0.0,NO VOUCHER,,PAID,FALSE,Customer_028,False,True,True,True,False,True,Complete,LAUNDRY PACKAGE,True,4.0,3.0,7000.0,Saturday,May,3.0,False,0.0
238,ARRIVED,2026-05-02,2026-05-06,PCS,3 HARI,PHILUX,5.835,,,,40845.0,0.0,NO VOUCHER,40845.0,PAID,FALSE,Customer_064,False,True,True,True,False,True,Complete,LAUNDRY PACKAGE,True,4.0,3.0,7000.0,Saturday,May,3.0,False,0.0
239,ARRIVED,2026-05-02,2026-05-06,PCL,3 HARI,PHILUX,5.96,,,,35760.0,0.0,NO VOUCHER,35760.0,PAID,FALSE,Customer_122,False,True,True,True,False,True,Complete,LAUNDRY PACKAGE,True,4.0,3.0,6000.0,Saturday,May,3.0,False,0.0
240,ARRIVED,2026-05-02,2026-05-06,PCL,3 HARI,SAKURA,3.535,,,,21210.0,0.0,NO VOUCHER,21210.0,PAID,FALSE,Customer_095,False,True,True,True,False,True,Complete,LAUNDRY PACKAGE,True,4.0,3.0,6000.0,Saturday,May,3.0,False,0.0
241,ARRIVED,2026-05-04,2026-05-07,PCS,3 HARI,OCEAN FRESH,4.165,,,,29155.0,0.0,NO VOUCHER,29500.0,PAID,FALSE,Customer_036,False,True,True,True,False,True,Complete,LAUNDRY PACKAGE,True,3.0,3.0,7000.0,Monday,May,3.0,False,0.0
242,UNKNOWN,2026-05-04,2026-05-05,PCS,1 HARI,ROSE,,,,,,0.0,NO VOUCHER,85500.0,PAID,FALSE,Customer_145,False,True,False,False,False,True,"Missing Revenue, Weight",LAUNDRY PACKAGE,False,1.0,1.0,,Monday,May,1.0,False,0.0
243,ARRIVED,2026-05-04,2026-05-07,PCS,3 HARI,SAKURA,6.995,,,,48965.0,0.0,NO VOUCHER,48965.0,PAID,FALSE,Customer_138,False,True,True,True,False,True,Complete,LAUNDRY PACKAGE,True,3.0,3.0,7000.0,Monday,May,3.0,False,0.0
244,ARRIVED,2026-05-04,2026-05-06,PCS,2 HARI,ROSE,7.345,,,,58760.0,0.0,NO VOUCHER,58800.0,PAID,FALSE,Customer_152,False,True,True,True,False,True,Complete,LAUNDRY PACKAGE,True,2.0,2.0,8000.0,Monday,May,2.0,False,0.0
245,ARRIVED,2026-05-04,2026-05-07,PCS,3 HARI,SAKURA,3.0,,,,21000.0,0.0,NO VOUCHER,21000.0,PAID,FALSE,Customer_091,False,True,True,True,False,True,Complete,LAUNDRY PACKAGE,True,3.0,3.0,7000.0,Monday,May,3.0,False,0.0
246,ARRIVED,2026-05-04,2026-05-07,PCS,3 HARI,ROSE,3.0,,,,21000.0,0.0,NO VOUCHER,21000.0,PAID,FALSE,Customer_117,False,True,True,True,False,True,Complete,LAUNDRY PACKAGE,True,3.0,3.0,7000.0,Monday,May,3.0,False,0.0
247,ARRIVED,2026-05-04,2026-05-06,PCS,2 HARI,OCEAN FRESH,3.685,,,,29480.0,0.0,NO VOUCHER,29500.0,PAID,FALSE,Customer_052,False,True,True,True,False,True,Complete,LAUNDRY PACKAGE,True,2.0,2.0,8000.0,Monday,May,2.0,False,0.0
248,ARRIVED,2026-05-04,2026-05-05,PCL,1 HARI,ROSE,4.36,,,,34880.0,0.0,NO VOUCHER,34880.0,PAID,FALSE,Customer_123,False,True,True,True,False,True,Complete,LAUNDRY PACKAGE,True,1.0,1.0,7999.999999999999,Monday,May,1.0,False,0.0
249,UNKNOWN,2026-05-04,2026-05-05,PCS,1 HARI,OCEAN FRESH,,,,,,0.0,NO VOUCHER,80000.0,PAID,FALSE,Customer_060,False,True,False,False,False,True,"Missing Revenue, Weight",LAUNDRY PACKAGE,False,1.0,1.0,,Monday,May,1.0,False,0.0
250,ARRIVED,2026-05-04,2026-05-07,PCS,3 HARI,BACCARAT,3.185,,,,22295.0,0.0,NO VOUCHER,22300.0,PAID,FALSE,Customer_105,False,True,True,True,False,True,Complete,LAUNDRY PACKAGE,True,3.0,3.0,7000.0,Monday,May,3.0,False,0.0
251,ARRIVED,2026-05-05,2026-05-09,PCL,3 HARI,BACCARAT,7.94,,,,47640.0,0.0,NO VOUCHER,47640.0,PAID,FALSE,Customer_112,False,True,True,True,False,True,Complete,LAUNDRY PACKAGE,True,4.0,4.0,6000.0,Tuesday,May,3.0,True,1.0
252,ARRIVED,2026-05-05,2026-05-09,PCS,3 HARI,ROSE,3.615,,,,25305.0,0.0,NO VOUCHER,25305.0,PAID,FALSE,Customer_100,False,True,True,True,False,True,Complete,LAUNDRY PACKAGE,True,4.0,4.0,7000.0,Tuesday,May,3.0,True,1.0
253,ARRIVED,2026-05-05,2026-05-09,PCS,3 HARI,PHILUX,3.0,Deep Clean,,,,0.0,1 PASANG,,PAID,FALSE,Customer_029,False,True,False,True,False,True,Missing Revenue,LAUNDRY PACKAGE,True,4.0,4.0,,Tuesday,May,3.0,True,1.0
254,ARRIVED,2026-05-05,2026-05-09,PCS,3 HARI,PHILUX,5.38,,,,37660.0,0.0,NO VOUCHER,37660.0,PAID,FALSE,Customer_086,False,True,True,True,False,True,Complete,LAUNDRY PACKAGE,True,4.0,4.0,7000.0,Tuesday,May,3.0,True,1.0
255,ARRIVED,2026-05-05,2026-05-07,PCS,2 HARI,PHILUX,3.035,Deep Clean,,,,0.0,1 PASANG,50000.0,PAID,FALSE,Customer_008,False,True,False,True,False,True,Missing Revenue,LAUNDRY PACKAGE,True,2.0,2.0,,Tuesday,May,2.0,False,0.0
256,ARRIVED,2026-05-05,2026-05-09,SATUAN,3 HARI,SAKURA,0.0,Bed Cover Besar,,,,0.0,NO VOUCHER,,PAID,FALSE,Customer_127,False,True,False,True,False,True,Missing Revenue,PER ITEM,False,4.0,4.0,,Tuesday,May,3.0,True,1.0
257,ARRIVED,2026-05-05,2026-05-07,PCS,2 HARI,ROSE,3.365,,,,26920.0,0.0,NO VOUCHER,26920.0,PAID,FALSE,Customer_001,False,True,True,True,False,True,Complete,LAUNDRY PACKAGE,True,2.0,2.0,7999.999999999999,Tuesday,May,2.0,False,0.0
258,ARRIVED,2026-05-05,2026-05-07,PCS,2 HARI,OCEAN FRESH,4.12,,,,32960.0,0.0,NO VOUCHER,32960.0,PAID,FALSE,Customer_026,False,True,True,True,False,True,Complete,LAUNDRY PACKAGE,True,2.0,2.0,8000.0,Tuesday,May,2.0,False,0.0
259,UNKNOWN,,,PCS,2 HARI,OCEAN FRESH,4.305,,,,34440.0,0.0,NO VOUCHER,34440.0,PAID,,Customer_UNKNOWN,False,False,True,True,False,False,"Missing Customer, Order Date, Completion Date",LAUNDRY PACKAGE,True,,,8000.000000000001,,,2.0,,
260,ARRIVED,2026-05-05,2026-05-09,PS,3 HARI,OCEAN FRESH,8.495,,,,42475.0,0.0,NO VOUCHER,42475.0,PAID,FALSE,Customer_153,False,True,True,True,False,True,Complete,LAUNDRY PACKAGE,True,4.0,4.0,5000.000000000001,Tuesday,May,3.0,True,1.0
261,ARRIVED,2026-05-05,2026-05-09,PCS,3 HARI,SAKURA,4.53,,,,31710.0,0.0,NO VOUCHER,31170.0,PAID,FALSE,Customer_115,False,True,True,True,False,True,Complete,LAUNDRY PACKAGE,True,4.0,4.0,7000.0,Tuesday,May,3.0,True,1.0
262,UNKNOWN,2026-05-06,2026-05-09,PCS,2 HARI,SAKURA,,,,,,0.0,NO VOUCHER,,PAID,FALSE,Customer_085,False,True,False,False,False,True,"Missing Revenue, Weight",LAUNDRY PACKAGE,False,3.0,3.0,,Wednesday,May,2.0,True,1.0
263,ARRIVED,2026-05-06,2026-05-11,SATUAN,3 HARI,PHILUX,0.0,"Dry Clean Jas, Handuk, Sprei Besar",,,,0.0,NO VOUCHER,,PAID,FALSE,Customer_152,False,True,False,True,False,True,Missing Revenue,PER ITEM,False,5.0,4.0,,Wednesday,May,3.0,True,1.0
264,ARRIVED,2026-05-06,2026-05-11,PCS,3 HARI,OCEAN FRESH,6.775,,,,47425.0,0.0,NO VOUCHER,42475.0,PAID,FALSE,Customer_153,False,True,True,True,False,True,Complete,LAUNDRY PACKAGE,True,5.0,4.0,7000.0,Wednesday,May,3.0,True,1.0
265,UNKNOWN,2026-05-06,2026-05-11,PCS,3 HARI,SAKURA,,,,,,0.0,NO VOUCHER,,PAID,FALSE,Customer_147,False,True,False,False,False,True,"Missing Revenue, Weight",LAUNDRY PACKAGE,False,5.0,4.0,,Wednesday,May,3.0,True,1.0
266,ARRIVED,2026-05-06,2026-05-07,PCS,1 HARI,BACCARAT,5.495,,,,49455.0,0.0,NO VOUCHER,49455.0,PAID,FALSE,Customer_010,False,True,True,True,False,True,Complete,LAUNDRY PACKAGE,True,1.0,1.0,9000.0,Wednesday,May,1.0,False,0.0
267,ARRIVED,2026-05-06,2026-05-11,PCS,3 HARI,PHILUX,5.12,Sprei Sedang,,,,0.0,NO VOUCHER,34545.0,PAID,FALSE,Customer_035,False,True,False,True,False,True,Missing Revenue,LAUNDRY PACKAGE,True,5.0,4.0,,Wednesday,May,3.0,True,1.0
268,ARRIVED,2026-05-08,2026-05-12,PS,3 HARI,ROSE,7.35,Sprei Besar,,,,0.0,NO VOUCHER,,PAID,FALSE,Customer_059,False,True,False,True,False,True,Missing Revenue,LAUNDRY PACKAGE,True,4.0,3.0,,Friday,May,3.0,False,0.0
269,UNKNOWN,,,PCS,3 HARI,ROSE,3.0,,,,21000.0,0.0,NO VOUCHER,,PAID,FALSE,Customer_UNKNOWN,True,False,True,True,False,False,"Missing Customer, Order Date, Completion Date",LAUNDRY PACKAGE,True,,,7000.0,,,3.0,,
270,ARRIVED,2026-05-06,2026-05-09,PCS,2 HARI,ROSE,3.0,Deep Clean,,,,0.0,1 PASANG,,PAID,FALSE,Customer_022,False,True,False,True,False,True,Missing Revenue,LAUNDRY PACKAGE,True,3.0,3.0,,Wednesday,May,2.0,True,1.0
271,ARRIVED,2026-05-07,2026-05-11,PCS,2 HARI,OCEAN FRESH,9.315,,,,74520.0,0.0,NO VOUCHER,74520.0,PAID,FALSE,Customer_071,False,True,True,True,False,True,Complete,LAUNDRY PACKAGE,True,4.0,3.0,8000.0,Thursday,May,2.0,True,1.0
272,ARRIVED,2026-05-07,2026-05-13,SATUAN,4 HARI,NOT RECORDED,0.0,Deep Clean,,,,0.0,1 PASANG,,PAID,FALSE,Customer_086,False,True,False,True,False,True,Missing Revenue,PER ITEM,False,6.0,5.0,,Thursday,May,4.0,True,1.0
273,ARRIVED,2026-05-07,2026-05-11,PCS,2 HARI,BACCARAT,3.0,,,,24000.0,0.0,NO VOUCHER,24000.0,PAID,FALSE,Customer_063,False,True,True,True,False,True,Complete,LAUNDRY PACKAGE,True,4.0,3.0,8000.0,Thursday,May,2.0,True,1.0
274,ARRIVED,2026-05-07,2026-05-12,PCL,3 HARI,SAKURA,3.25,Handuk,,,,0.0,NO VOUCHER,,PAID,FALSE,Customer_095,False,True,False,True,False,True,Missing Revenue,LAUNDRY PACKAGE,True,5.0,4.0,,Thursday,May,3.0,True,1.0
275,ARRIVED,2026-05-07,2026-05-12,PCS,3 HARI,SAKURA,6.995,,,,48965.0,0.0,NO VOUCHER,48965.0,PAID,FALSE,Customer_109,False,True,True,True,False,True,Complete,LAUNDRY PACKAGE,True,5.0,4.0,7000.0,Thursday,May,3.0,True,1.0
276,ARRIVED,2026-05-07,2026-05-12,PCS,3 HARI,SAKURA,,,,,,0.0,NO VOUCHER,21000.0,PAID,FALSE,Customer_091,False,True,False,False,False,True,"Missing Revenue, Weight",LAUNDRY PACKAGE,False,5.0,4.0,,Thursday,May,3.0,True,1.0
277,ARRIVED,2026-05-07,2026-05-11,SATUAN,2 HARI,OCEAN FRESH,,"Blazer, Selimut Tipis",,3000.0,,0.0,NO VOUCHER,,PAID,FALSE,Customer_065,False,True,False,False,False,True,"Missing Revenue, Weight",PER ITEM,False,4.0,3.0,,Thursday,May,2.0,True,1.0
278,ARRIVED,2026-05-08,2026-05-12,PCS,3 HARI,PHILUX,3.0,Jaket/Blouse,,,,0.0,NO VOUCHER,,PAID,FALSE,Customer_030,False,True,False,True,False,True,Missing Revenue,LAUNDRY PACKAGE,True,4.0,3.0,,Friday,May,3.0,False,0.0
279,ARRIVED,2026-05-08,2026-05-09,PCS,1 HARI,ROSE,3.0,,,,27000.0,0.0,NO VOUCHER,27000.0,PAID,FALSE,Customer_073,False,True,True,True,False,True,Complete,LAUNDRY PACKAGE,True,1.0,1.0,9000.0,Friday,May,1.0,False,0.0
280,ARRIVED,2026-05-08,2026-05-11,PCS,2 HARI,SAKURA,3.835,,,,30680.0,0.0,NO VOUCHER,30680.0,PAID,FALSE,Customer_143,False,True,True,True,False,True,Complete,LAUNDRY PACKAGE,True,3.0,2.0,8000.0,Friday,May,2.0,False,0.0
281,ARRIVED,2026-05-08,2026-05-12,PCS,3 HARI,OCEAN FRESH,3.555,,,,24885.0,0.0,NO VOUCHER,24885.0,PAID,FALSE,Customer_025,False,True,True,True,False,True,Complete,LAUNDRY PACKAGE,True,4.0,3.0,7000.0,Friday,May,3.0,False,0.0
282,ARRIVED,2026-05-08,2026-05-12,PCS,3 HARI,BACCARAT,3.965,Jaket/Blouse,,,,0.0,NO VOUCHER,,PAID,FALSE,Customer_137,False,True,False,True,False,True,Missing Revenue,LAUNDRY PACKAGE,True,4.0,3.0,,Friday,May,3.0,False,0.0
283,ARRIVED,2026-05-08,2026-05-12,PCS,3 HARI,BACCARAT,3.0,,,,21000.0,0.0,NO VOUCHER,21000.0,PAID,FALSE,Customer_113,False,True,True,True,False,True,Complete,LAUNDRY PACKAGE,True,4.0,3.0,7000.0,Friday,May,3.0,False,0.0
285,ARRIVED,2026-05-08,2026-05-09,PCS,1 HARI,BACCARAT,3.0,,,,27000.0,0.0,NO VOUCHER,48210.0,PAID,FALSE,Customer_111,False,True,True,True,False,True,Complete,LAUNDRY PACKAGE,True,1.0,1.0,9000.0,Friday,May,1.0,False,0.0
286,ARRIVED,2026-05-08,2026-05-12,PCS,3 HARI,OCEAN FRESH,3.03,,,,21210.0,0.0,NO VOUCHER,22000.0,PAID,FALSE,Customer_060,False,True,True,True,False,True,Complete,LAUNDRY PACKAGE,True,4.0,3.0,7000.0,Friday,May,3.0,False,0.0
287,ARRIVED,2026-05-08,2026-05-09,PCS,1 HARI,SAKURA,3.0,,,,27000.0,0.0,NO VOUCHER,27000.0,PAID,FALSE,Customer_023,False,True,True,True,False,True,Complete,LAUNDRY PACKAGE,True,1.0,1.0,9000.0,Friday,May,1.0,False,0.0
288,ARRIVED,2026-05-08,2026-05-12,PCL,3 HARI,SAKURA,4.4,,,,26400.0,0.0,NO VOUCHER,26400.0,PAID,FALSE,Customer_019,False,True,True,True,False,True,Complete,LAUNDRY PACKAGE,True,4.0,3.0,5999.999999999999,Friday,May,3.0,False,0.0
289,ARRIVED,2026-05-08,2026-05-12,PCS,3 HARI,SAKURA,5.475,,,,38325.0,0.0,NO VOUCHER,38325.0,PAID,FALSE,Customer_037,False,True,True,True,False,True,Complete,LAUNDRY PACKAGE,True,4.0,3.0,7000.0,Friday,May,3.0,False,0.0
290,ARRIVED,2026-05-08,2026-05-09,PCS,1 HARI,SAKURA,5.43,,,,48870.0,0.0,NO VOUCHER,48870.0,PAID,FALSE,Customer_101,False,True,True,True,False,True,Complete,LAUNDRY PACKAGE,True,1.0,1.0,9000.0,Friday,May,1.0,False,0.0
291,ARRIVED,2026-05-08,2026-05-12,PCL,3 HARI,BACCARAT,6.615,,,,39690.0,0.0,NO VOUCHER,39690.0,PAID,FALSE,Customer_149,False,True,True,True,False,True,Complete,LAUNDRY PACKAGE,True,4.0,3.0,6000.0,Friday,May,3.0,False,0.0
292,ARRIVED,2026-05-08,2026-05-11,PCS,2 HARI,SAKURA,3.52,Handuk,,3000.0,,0.0,NO VOUCHER,,PAID,FALSE,Customer_005,False,True,False,True,False,True,Missing Revenue,LAUNDRY PACKAGE,True,3.0,2.0,,Friday,May,2.0,False,0.0
293,ARRIVED,2026-05-08,2026-05-09,PCS,1 HARI,OCEAN FRESH,3.0,,,,27000.0,0.0,NO VOUCHER,27000.0,PAID,FALSE,Customer_016,False,True,True,True,False,True,Complete,LAUNDRY PACKAGE,True,1.0,1.0,9000.0,Friday,May,1.0,False,0.0
294,ARRIVED,2026-05-08,2026-05-12,PCS,3 HARI,OCEAN FRESH,3.0,,,,21000.0,0.0,NO VOUCHER,21000.0,PAID,FALSE,Customer_043,False,True,True,True,False,True,Complete,LAUNDRY PACKAGE,True,4.0,3.0,7000.0,Friday,May,3.0,False,0.0
295,ARRIVED,2026-05-08,2026-05-12,PCS,3 HARI,SAKURA,3.285,"Selimut Sedang, Sprei Kecil",,,,0.0,NO VOUCHER,26355.0,PAID,FALSE,Customer_130,False,True,False,True,False,True,Missing Revenue,LAUNDRY PACKAGE,True,4.0,3.0,,Friday,May,3.0,False,0.0
296,ARRIVED,2026-05-09,2026-05-13,PCS,3 HARI,OCEAN FRESH,3.0,Sprei Sedang,,,,10000.0,#EC0018,,PAID,FALSE,Customer_082,False,True,False,True,False,True,Missing Revenue,LAUNDRY PACKAGE,True,4.0,3.0,,Saturday,May,3.0,False,0.0
297,ARRIVED,2026-05-09,2026-05-13,PCS,3 HARI,PHILUX,3.0,,,,21000.0,0.0,NO VOUCHER,21000.0,PAID,FALSE,Customer_029,False,True,True,True,False,True,Complete,LAUNDRY PACKAGE,True,4.0,3.0,7000.0,Saturday,May,3.0,False,0.0
298,ARRIVED,2026-05-09,2026-05-13,PS,3 HARI,BACCARAT,3.0,,,,15000.0,0.0,NO VOUCHER,15000.0,PAID,FALSE,Customer_067,False,True,True,True,False,True,Complete,LAUNDRY PACKAGE,True,4.0,3.0,5000.0,Saturday,May,3.0,False,0.0
299,ARRIVED,2026-05-09,2026-05-13,SATUAN,3 HARI,NOT RECORDED,0.0,"Bantal (Sofa/Leher), Boneka (M)",,,,0.0,NO VOUCHER,,PAID,FALSE,Customer_093,False,True,False,True,False,True,Missing Revenue,PER ITEM,False,4.0,3.0,,Saturday,May,3.0,False,0.0
300,ARRIVED,2026-05-09,2026-05-12,PCL,2 HARI,PHILUX,6.03,,,,42210.0,0.0,NO VOUCHER,42210.0,PAID,FALSE,Customer_087,False,True,True,True,False,True,Complete,LAUNDRY PACKAGE,True,3.0,2.0,7000.0,Saturday,May,2.0,False,0.0
301,UNKNOWN,2026-05-09,2026-05-13,PCL,3 HARI,BACCARAT,,,,,,0.0,NO VOUCHER,45000.0,PAID,FALSE,Customer_118,False,True,False,False,False,True,"Missing Revenue, Weight",LAUNDRY PACKAGE,False,4.0,3.0,,Saturday,May,3.0,False,0.0
302,ARRIVED,2026-05-09,2026-05-13,PCL,3 HARI,SAKURA,5.935,,,,35610.0,0.0,NO VOUCHER,35610.0,PAID,FALSE,Customer_074,False,True,True,True,False,True,Complete,LAUNDRY PACKAGE,True,4.0,3.0,6000.0,Saturday,May,3.0,False,0.0
303,ARRIVED,2026-05-09,2026-05-13,PCS,3 HARI,ROSE,3.175,,,,22225.0,0.0,NO VOUCHER,22225.0,PAID,FALSE,Customer_002,False,True,True,True,False,True,Complete,LAUNDRY PACKAGE,True,4.0,3.0,7000.0,Saturday,May,3.0,False,0.0
304,ARRIVED,2026-05-09,2026-05-13,PCS,3 HARI,BACCARAT,5.955,Sprei Sedang,,,,0.0,NO VOUCHER,,PAID,FALSE,Customer_098,False,True,False,True,False,True,Missing Revenue,LAUNDRY PACKAGE,True,4.0,3.0,,Saturday,May,3.0,False,0.0
305,ARRIVED,2026-05-09,2026-05-13,PCS,3 HARI,SAKURA,3.285,"Sprei Kecil, Selimut Sedang",,,,0.0,NO VOUCHER,,PAID,FALSE,Customer_130,False,True,False,True,False,True,Missing Revenue,LAUNDRY PACKAGE,True,4.0,3.0,,Saturday,May,3.0,False,0.0
306,ARRIVED,2026-05-11,2026-05-13,PCS,2 HARI,PHILUX,3.0,Sprei Sedang,,3000.0,,0.0,NO VOUCHER,,PAID,FALSE,Customer_008,False,True,False,True,False,True,Missing Revenue,LAUNDRY PACKAGE,True,2.0,2.0,,Monday,May,2.0,False,0.0
307,ARRIVED,2026-05-11,2026-05-14,PCS,3 HARI,PHILUX,4.675,Sprei Sedang,,,,0.0,NO VOUCHER,,PAID,FALSE,Customer_142,False,True,False,True,False,True,Missing Revenue,LAUNDRY PACKAGE,True,3.0,3.0,,Monday,May,3.0,False,0.0
308,ARRIVED,2026-05-11,2026-05-12,PCS,1 HARI,BACCARAT,6.205,,,,55845.0,10000.0,#EC0024,55845.0,PAID,FALSE,Customer_070,False,True,True,True,False,True,Complete,LAUNDRY PACKAGE,True,1.0,1.0,9000.0,Monday,May,1.0,False,0.0
309,ARRIVED,2026-05-11,2026-05-14,PCL,3 HARI,OCEAN FRESH,3.915,Sprei Sedang,,,,0.0,NO VOUCHER,,PAID,FALSE,Customer_055,False,True,False,True,False,True,Missing Revenue,LAUNDRY PACKAGE,True,3.0,3.0,,Monday,May,3.0,False,0.0
310,ARRIVED,2026-05-11,2026-05-13,PCS,2 HARI,ROSE,3.73,,,,29840.0,0.0,NO VOUCHER,29840.0,PAID,FALSE,Customer_001,False,True,True,True,False,True,Complete,LAUNDRY PACKAGE,True,2.0,2.0,8000.0,Monday,May,2.0,False,0.0
311,ARRIVED,2026-05-11,2026-05-12,PCS,1 HARI,SAKURA,4.765,,,,32885.0,10000.0,#EC0004,32885.0,PAID,FALSE,Customer_146,False,True,True,True,False,True,Complete,LAUNDRY PACKAGE,True,1.0,1.0,6901.364113326338,Monday,May,1.0,False,0.0
312,ARRIVED,2026-05-11,2026-05-14,PS,3 HARI,BACCARAT,11.25,Sprei Kecil,,,,0.0,NO VOUCHER,,PAID,FALSE,Customer_020,False,True,False,True,False,True,Missing Revenue,LAUNDRY PACKAGE,True,3.0,3.0,,Monday,May,3.0,False,0.0
313,ARRIVED,2026-05-11,2026-05-14,PCS,3 HARI,SAKURA,6.4,Sprei Besar,,,,0.0,NO VOUCHER,,PAID,FALSE,Customer_109,False,True,False,True,False,True,Missing Revenue,LAUNDRY PACKAGE,True,3.0,3.0,,Monday,May,3.0,False,0.0
314,ARRIVED,2026-05-11,2026-05-14,PCS,3 HARI,BACCARAT,4.53,,,,31710.0,0.0,NO VOUCHER,32000.0,PAID,FALSE,Customer_047,False,True,True,True,False,True,Complete,LAUNDRY PACKAGE,True,3.0,3.0,7000.0,Monday,May,3.0,False,0.0
315,ARRIVED,2026-05-11,2026-05-12,PCS,1 HARI,SAKURA,3.0,Sprei Kecil,,,,0.0,NO VOUCHER,,PAID,FALSE,Customer_085,False,True,False,True,False,True,Missing Revenue,LAUNDRY PACKAGE,True,1.0,1.0,,Monday,May,1.0,False,0.0
316,ARRIVED,2026-05-11,2026-05-14,PS,3 HARI,OCEAN FRESH,3.875,,,,19375.0,0.0,NO VOUCHER,,PAID,FALSE,Customer_078,False,True,True,True,False,True,Complete,LAUNDRY PACKAGE,True,3.0,3.0,5000.0,Monday,May,3.0,False,0.0
317,UNKNOWN,,,SATUAN,4 HARI,NOT RECORDED,,Deep Clean,,,,0.0,1 PASANG,,,FALSE,Customer_UNKNOWN,False,False,False,False,False,False,"Missing Customer, Order Date, Completion Date, Revenue, Weight",PER ITEM,False,,,,,,4.0,,
318,ARRIVED,2026-05-12,2026-05-13,PCS,1 HARI,PHILUX,7.555,,,,67995.0,0.0,NO VOUCHER,67995.0,PAID,FALSE,Customer_152,False,True,True,True,False,True,Complete,LAUNDRY PACKAGE,True,1.0,1.0,9000.0,Tuesday,May,1.0,False,0.0
319,ARRIVED,2026-05-12,2026-05-13,PCS,1 HARI,PHILUX,3.0,,,,21000.0,0.0,NO VOUCHER,21000.0,PAID,FALSE,Customer_061,False,True,True,True,False,True,Complete,LAUNDRY PACKAGE,True,1.0,1.0,7000.0,Tuesday,May,1.0,False,0.0
320,ARRIVED,2026-05-12,2026-05-13,PCS,1 HARI,SAKURA,3.185,,,,28665.0,0.0,NO VOUCHER,28665.0,PAID,FALSE,Customer_131,False,True,True,True,False,True,Complete,LAUNDRY PACKAGE,True,1.0,1.0,9000.0,Tuesday,May,1.0,False,0.0
321,ARRIVED,2026-05-12,2026-05-16,PCS,3 HARI,PHILUX,4.41,,,,30870.0,0.0,NO VOUCHER,30870.0,PAID,FALSE,Customer_154,False,True,True,True,False,True,Complete,LAUNDRY PACKAGE,True,4.0,4.0,7000.0,Tuesday,May,3.0,True,1.0
322,ARRIVED,2026-05-12,2026-05-16,PCS,3 HARI,SAKURA,5.525,,,,38675.0,0.0,NO VOUCHER,38675.0,PAID,FALSE,Customer_138,False,True,True,True,False,True,Complete,LAUNDRY PACKAGE,True,4.0,4.0,7000.0,Tuesday,May,3.0,True,1.0
323,ARRIVED,2026-05-12,2026-05-16,PCS,3 HARI,OCEAN FRESH,3.57,,,,24990.0,0.0,NO VOUCHER,25000.0,PAID,FALSE,Customer_036,False,True,True,True,False,True,Complete,LAUNDRY PACKAGE,True,4.0,4.0,7000.0,Tuesday,May,3.0,True,1.0
324,ARRIVED,2026-05-12,2026-05-13,PCL,1 HARI,SAKURA,3.0,,,,24000.0,0.0,NO VOUCHER,24000.0,PAID,FALSE,Customer_009,False,True,True,True,False,True,Complete,LAUNDRY PACKAGE,True,1.0,1.0,8000.0,Tuesday,May,1.0,False,0.0
325,ARRIVED,2026-05-12,2026-05-14,PCL,2 HARI,OCEAN FRESH,6.695,,,,46865.0,0.0,NO VOUCHER,46865.0,PAID,FALSE,Customer_112,False,True,True,True,False,True,Complete,LAUNDRY PACKAGE,True,2.0,2.0,7000.0,Tuesday,May,2.0,False,0.0
326,ARRIVED,2026-05-12,2026-05-16,PCS,3 HARI,BACCARAT,3.0,,,,21000.0,0.0,NO VOUCHER,21000.0,PAID,FALSE,Customer_049,False,True,True,True,False,True,Complete,LAUNDRY PACKAGE,True,4.0,4.0,7000.0,Tuesday,May,3.0,True,1.0
327,ARRIVED,2026-05-13,2026-05-18,PCS,3 HARI,ROSE,3.0,Sprei Kecil,,,21000.0,0.0,NO VOUCHER,21000.0,PAID,FALSE,Customer_117,False,True,True,True,False,True,Complete,LAUNDRY PACKAGE,True,5.0,4.0,7000.0,Wednesday,May,3.0,True,1.0
328,ARRIVED,2026-05-13,2026-05-18,PCL,3 HARI,ROSE,3.195,Sprei Sedang,,,,0.0,NO VOUCHER,,PAID,FALSE,Customer_059,False,True,False,True,False,True,Missing Revenue,LAUNDRY PACKAGE,True,5.0,4.0,,Wednesday,May,3.0,True,1.0
329,ARRIVED,2026-05-13,2026-05-16,PCS,2 HARI,SAKURA,3.0,,,,21000.0,0.0,NO VOUCHER,21000.0,PAID,FALSE,Customer_143,False,True,True,True,False,True,Complete,LAUNDRY PACKAGE,True,3.0,3.0,7000.0,Wednesday,May,2.0,True,1.0
330,ARRIVED,2026-05-13,2026-05-18,PCS,3 HARI,PHILUX,4.83,,,,33810.0,0.0,NO VOUCHER,33810.0,PAID,FALSE,Customer_035,False,True,True,True,False,True,Complete,LAUNDRY PACKAGE,True,5.0,4.0,7000.0,Wednesday,May,3.0,True,1.0
331,ARRIVED,2026-05-13,2026-05-18,PCL,3 HARI,OCEAN FRESH,3.435,,,,20610.0,0.0,NO VOUCHER,20610.0,PAID,FALSE,Customer_084,False,True,True,True,False,True,Complete,LAUNDRY PACKAGE,True,5.0,4.0,6000.0,Wednesday,May,3.0,True,1.0
332,ARRIVED,2026-05-13,2026-05-16,PCS,2 HARI,OCEAN FRESH,9.105,,,,72840.0,0.0,NO VOUCHER,72840.0,PAID,FALSE,Customer_071,False,True,True,True,False,True,Complete,LAUNDRY PACKAGE,True,3.0,3.0,8000.0,Wednesday,May,2.0,True,1.0
333,ARRIVED,2026-05-13,2026-05-18,PCS,3 HARI,PHILUX,7.34,,,,51380.0,0.0,NO VOUCHER,51380.0,PAID,FALSE,Customer_086,False,True,True,True,False,True,Complete,LAUNDRY PACKAGE,True,5.0,4.0,7000.0,Wednesday,May,3.0,True,1.0
334,ARRIVED,2026-05-13,2026-05-18,PCS,3 HARI,PHILUX,4.59,,,,32130.0,0.0,NO VOUCHER,32130.0,PAID,FALSE,Customer_021,False,True,True,True,False,True,Complete,LAUNDRY PACKAGE,True,5.0,4.0,7000.0,Wednesday,May,3.0,True,1.0
335,ARRIVED,2026-05-13,2026-05-18,PCL,3 HARI,BACCARAT,3.0,,,,18000.0,0.0,NO VOUCHER,18000.0,PAID,FALSE,Customer_089,False,True,True,True,False,True,Complete,LAUNDRY PACKAGE,True,5.0,4.0,6000.0,Wednesday,May,3.0,True,1.0
336,ARRIVED,2026-05-13,2026-05-18,PCL,3 HARI,PHILUX,4.2,,,,25200.0,0.0,NO VOUCHER,25200.0,PAID,FALSE,Customer_092,False,True,True,True,False,True,Complete,LAUNDRY PACKAGE,True,5.0,4.0,6000.0,Wednesday,May,3.0,True,1.0
337,ARRIVED,2026-05-13,2026-05-18,PCL,3 HARI,PHILUX,5.49,,,,32940.0,0.0,NO VOUCHER,32940.0,PAID,FALSE,Customer_122,False,True,True,True,False,True,Complete,LAUNDRY PACKAGE,True,5.0,4.0,6000.0,Wednesday,May,3.0,True,1.0
338,ARRIVED,2026-05-13,2026-05-18,SATUAN,3 HARI,SAKURA,0.0,Bantal/Guling,,,,0.0,NO VOUCHER,,PAID,FALSE,Customer_040,False,True,False,True,False,True,Missing Revenue,PER ITEM,False,5.0,4.0,,Wednesday,May,3.0,True,1.0
339,ARRIVED,2026-05-13,2026-05-18,PCS,3 HARI,OCEAN FRESH,4.645,Sprei Sedang,,,,0.0,NO VOUCHER,,PAID,FALSE,Customer_107,False,True,False,True,False,True,Missing Revenue,LAUNDRY PACKAGE,True,5.0,4.0,,Wednesday,May,3.0,True,1.0
340,ARRIVED,2026-05-13,2026-05-18,PCS,3 HARI,SAKURA,7.645,,,,53515.0,0.0,NO VOUCHER,53515.0,PAID,FALSE,Customer_085,False,True,True,True,False,True,Complete,LAUNDRY PACKAGE,True,5.0,4.0,7000.0,Wednesday,May,3.0,True,1.0
341,ARRIVED,2026-05-13,2026-05-19,SATUAN,4 HARI,NOT RECORDED,0.0,Deep Clean,,,,0.0,1 PASANG,,PAID,FALSE,Customer_103,False,True,False,True,False,True,Missing Revenue,PER ITEM,False,6.0,5.0,,Wednesday,May,4.0,True,1.0
342,ARRIVED,2026-05-13,2026-05-18,SATUAN,3 HARI,OCEAN FRESH,0.0,Dry Clean Toga,,,,0.0,NO VOUCHER,,PAID,TRUE,Customer_056,False,True,False,True,False,True,Missing Revenue,PER ITEM,False,5.0,4.0,,Wednesday,May,3.0,True,1.0
343,ARRIVED,2026-05-13,2026-05-18,SATUAN,3 HARI,ROSE,0.0,Dry Clean Toga,,,,0.0,NO VOUCHER,,PAID,FALSE,Customer_031,False,True,False,True,False,True,Missing Revenue,PER ITEM,False,5.0,4.0,,Wednesday,May,3.0,True,1.0
344,ARRIVED,2026-05-13,2026-05-18,SATUAN,3 HARI,SAKURA,0.0,Dry Clean Toga,,,,0.0,NO VOUCHER,,PAID,FALSE,Customer_004,False,True,False,True,False,True,Missing Revenue,PER ITEM,False,5.0,4.0,,Wednesday,May,3.0,True,1.0
345,ARRIVED,2026-05-15,2026-05-16,PCS,1 HARI,OCEAN FRESH,5.285,,,,47565.0,0.0,NO VOUCHER,47565.0,PAID,FALSE,Customer_048,False,True,True,True,False,True,Complete,LAUNDRY PACKAGE,True,1.0,1.0,9000.0,Friday,May,1.0,False,0.0
346,UNKNOWN,2026-05-15,2026-05-19,PCS,3 HARI,SAKURA,,"Sprei Kecil, Selimut Tipis, Bantal (Sofa/Leher), Bantal/Guling",,,159880.0,0.0,NO VOUCHER,159880.0,PAID,FALSE,Customer_147,False,True,True,False,False,True,Missing Weight,LAUNDRY PACKAGE,False,4.0,3.0,,Friday,May,3.0,False,0.0
347,ARRIVED,2026-05-15,2026-05-19,PCS,3 HARI,SAKURA,4.53,,,,31710.0,0.0,NO VOUCHER,31170.0,PAID,FALSE,Customer_115,False,True,True,True,False,True,Complete,LAUNDRY PACKAGE,True,4.0,3.0,7000.0,Friday,May,3.0,False,0.0
348,ARRIVED,2026-05-15,2026-05-19,PCL,3 HARI,SAKURA,3.25,Handuk,,,,0.0,NO VOUCHER,,PAID,FALSE,Customer_095,False,True,False,True,False,True,Missing Revenue,LAUNDRY PACKAGE,True,4.0,3.0,,Friday,May,3.0,False,0.0
349,ARRIVED,2026-05-15,2026-05-19,SATUAN,3 HARI,PHILUX,0.0,Dry Clean Kebaya,,,,0.0,NO VOUCHER,,PAID,FALSE,Customer_050,False,True,False,True,False,True,Missing Revenue,PER ITEM,False,4.0,3.0,,Friday,May,3.0,False,0.0
350,ARRIVED,2026-05-15,2026-05-19,PCL,3 HARI,BACCARAT,6.615,,,,39690.0,0.0,NO VOUCHER,39690.0,PAID,FALSE,Customer_149,False,True,True,True,False,True,Complete,LAUNDRY PACKAGE,True,4.0,3.0,6000.0,Friday,May,3.0,False,0.0
351,ARRIVED,2026-05-15,2026-05-19,SATUAN,3 HARI,OCEAN FRESH,0.0,Dry Clean Toga,,,,0.0,NO VOUCHER,,PAID,FALSE,Customer_015,False,True,False,True,False,True,Missing Revenue,PER ITEM,False,4.0,3.0,,Friday,May,3.0,False,0.0
352,ARRIVED,2026-05-15,2026-05-19,PS,3 HARI,OCEAN FRESH,4.835,,,,24175.0,0.0,NO VOUCHER,45175.0,PAID,FALSE,Customer_153,False,True,True,True,False,True,Complete,LAUNDRY PACKAGE,True,4.0,3.0,5000.0,Friday,May,3.0,False,0.0
353,UNKNOWN,,,PCS,3 HARI,OCEAN FRESH,3.0,,,,21000.0,0.0,NO VOUCHER,,,FALSE,Customer_UNKNOWN,True,False,True,True,False,False,"Missing Customer, Order Date, Completion Date",LAUNDRY PACKAGE,True,,,7000.0,,,3.0,,
354,ARRIVED,2026-05-15,2026-05-19,SATUAN,3 HARI,OCEAN FRESH,0.0,Dry Clean Toga,,,,0.0,NO VOUCHER,,PAID,FALSE,Customer_099,False,True,False,True,False,True,Missing Revenue,PER ITEM,False,4.0,3.0,,Friday,May,3.0,False,0.0
355,ARRIVED,2026-05-15,2026-05-18,PCS,2 HARI,OCEAN FRESH,4.8,,,,38400.0,0.0,NO VOUCHER,38400.0,PAID,FALSE,Customer_066,False,True,True,True,False,True,Complete,LAUNDRY PACKAGE,True,3.0,2.0,8000.0,Friday,May,2.0,False,0.0
356,ARRIVED,2026-05-16,2026-05-19,PCS,2 HARI,OCEAN FRESH,4.8,,,,38400.0,0.0,NO VOUCHER,38400.0,PAID,FALSE,Customer_121,False,True,True,True,False,True,Complete,LAUNDRY PACKAGE,True,3.0,2.0,8000.0,Saturday,May,2.0,False,0.0
357,ARRIVED,2026-05-16,2026-05-20,PCS,3 HARI,OCEAN FRESH,7.86,Sprei Besar,,,,0.0,NO VOUCHER,,PAID,FALSE,Customer_153,False,True,False,True,False,True,Missing Revenue,LAUNDRY PACKAGE,True,4.0,3.0,,Saturday,May,3.0,False,0.0
358,ARRIVED,2026-05-16,2026-05-20,SATUAN,3 HARI,ROSE,0.0,Dry Clean Toga,,,,0.0,NO VOUCHER,,PAID,FALSE,Customer_080,False,True,False,True,False,True,Missing Revenue,PER ITEM,False,4.0,3.0,,Saturday,May,3.0,False,0.0
359,ARRIVED,2026-05-16,2026-05-19,PCS,2 HARI,PHILUX,3.12,,,,24960.0,0.0,NO VOUCHER,25000.0,PAID,FALSE,Customer_008,False,True,True,True,False,True,Complete,LAUNDRY PACKAGE,True,3.0,2.0,8000.0,Saturday,May,2.0,False,0.0
360,ARRIVED,2026-05-16,2026-05-18,PCS,1 HARI,SAKURA,4.145,,,,37305.0,0.0,NO VOUCHER,37305.0,PAID,FALSE,Customer_101,False,True,True,True,False,True,Complete,LAUNDRY PACKAGE,True,2.0,1.0,9000.000000000002,Saturday,May,1.0,False,0.0
361,ARRIVED,2026-05-16,2026-05-20,PCS,3 HARI,SAKURA,5.52,Sprei Besar,,,,0.0,NO VOUCHER,,PAID,FALSE,Customer_024,False,True,False,True,False,True,Missing Revenue,LAUNDRY PACKAGE,True,4.0,3.0,,Saturday,May,3.0,False,0.0
362,ARRIVED,2026-05-16,2026-05-20,PCS,3 HARI,SAKURA,3.0,,,,21000.0,0.0,NO VOUCHER,21000.0,PAID,FALSE,Customer_091,False,True,True,True,False,True,Complete,LAUNDRY PACKAGE,True,4.0,3.0,7000.0,Saturday,May,3.0,False,0.0
363,UNKNOWN,2026-05-18,2026-05-19,PCS,1 HARI,ROSE,,Sprei Sedang,,,,0.0,NO VOUCHER,,PAID,FALSE,Customer_145,False,True,False,False,False,True,"Missing Revenue, Weight",LAUNDRY PACKAGE,False,1.0,1.0,,Monday,May,1.0,False,0.0
364,ARRIVED,2026-05-18,2026-05-21,PCS,3 HARI,PHILUX,3.0,Jaket/Blouse,,,,0.0,NO VOUCHER,,PAID,FALSE,Customer_030,False,True,False,True,False,True,Missing Revenue,LAUNDRY PACKAGE,True,3.0,3.0,,Monday,May,3.0,False,0.0
365,ARRIVED,2026-05-18,2026-06-01,PCS,10 JAM,SAKURA,3.0,,,,46500.0,0.0,NO VOUCHER,46500.0,PAID,FALSE,Customer_046,False,True,True,True,False,True,Complete,LAUNDRY PACKAGE,True,14.0,12.0,15500.0,Monday,May,0.4166666666666667,True,11.583333333333334
366,ARRIVED,2026-05-18,2026-05-21,SATUAN,3 HARI,OCEAN FRESH,0.0,Dry Clean Toga,,,,0.0,NO VOUCHER,,PAID,FALSE,Customer_081,False,True,False,True,False,True,Missing Revenue,PER ITEM,False,3.0,3.0,,Monday,May,3.0,False,0.0
367,ARRIVED,2026-05-18,2026-05-21,SATUAN,3 HARI,OCEAN FRESH,0.0,Dry Clean Toga,,,,0.0,NO VOUCHER,,PAID,FALSE,Customer_051,False,True,False,True,False,True,Missing Revenue,PER ITEM,False,3.0,3.0,,Monday,May,3.0,False,0.0
368,ARRIVED,2026-05-18,2026-05-21,SATUAN,3 HARI,OCEAN FRESH,0.0,Dry Clean Toga,,,,0.0,NO VOUCHER,,PAID,FALSE,Customer_140,False,True,False,True,False,True,Missing Revenue,PER ITEM,False,3.0,3.0,,Monday,May,3.0,False,0.0
369,ARRIVED,2026-05-18,2026-05-21,SATUAN,3 HARI,OCEAN FRESH,0.0,Dry Clean Toga,,,,0.0,NO VOUCHER,,PAID,FALSE,Customer_077,False,True,False,True,False,True,Missing Revenue,PER ITEM,False,3.0,3.0,,Monday,May,3.0,False,0.0
370,ARRIVED,2026-05-18,2026-05-21,SATUAN,3 HARI,OCEAN FRESH,0.0,Dry Clean Toga,,,,0.0,NO VOUCHER,,PAID,FALSE,Customer_072,False,True,False,True,False,True,Missing Revenue,PER ITEM,False,3.0,3.0,,Monday,May,3.0,False,0.0
371,ARRIVED,2026-05-18,2026-05-21,SATUAN,3 HARI,PHILUX,0.0,Dry Clean Toga,,,,0.0,NO VOUCHER,,PAID,FALSE,Customer_013,False,True,False,True,False,True,Missing Revenue,PER ITEM,False,3.0,3.0,,Monday,May,3.0,False,0.0
372,ARRIVED,2026-05-18,2026-05-21,SATUAN,3 HARI,PHILUX,0.0,Dry Clean Toga,,,,0.0,NO VOUCHER,,PAID,FALSE,Customer_108,False,True,False,True,False,True,Missing Revenue,PER ITEM,False,3.0,3.0,,Monday,May,3.0,False,0.0
373,ARRIVED,2026-05-18,2026-05-21,SATUAN,3 HARI,PHILUX,0.0,Dry Clean Toga,,,,0.0,NO VOUCHER,,PAID,FALSE,Customer_110,False,True,False,True,False,True,Missing Revenue,PER ITEM,False,3.0,3.0,,Monday,May,3.0,False,0.0
374,ARRIVED,2026-05-18,2026-05-20,PCS,2 HARI,ROSE,7.85,,,,62800.0,0.0,NO VOUCHER,62800.0,PAID,FALSE,Customer_114,False,True,True,True,False,True,Complete,LAUNDRY PACKAGE,True,2.0,2.0,8000.0,Monday,May,2.0,False,0.0
375,ARRIVED,2026-05-18,2026-05-21,PCL,3 HARI,SAKURA,4.0,,,,24000.0,0.0,NO VOUCHER,24000.0,PAID,FALSE,Customer_074,False,True,True,True,False,True,Complete,LAUNDRY PACKAGE,True,3.0,3.0,6000.0,Monday,May,3.0,False,0.0
376,ARRIVED,2026-05-18,2026-05-21,PCL,3 HARI,SAKURA,3.71,,,,22260.0,0.0,NO VOUCHER,22260.0,PAID,FALSE,Customer_019,False,True,True,True,False,True,Complete,LAUNDRY PACKAGE,True,3.0,3.0,6000.0,Monday,May,3.0,False,0.0
377,ARRIVED,2026-05-18,2026-05-21,PCS,3 HARI,SAKURA,0.0,Deep Clean,,,,0.0,NO VOUCHER,,PAID,FALSE,Customer_085,False,True,False,True,False,True,Missing Revenue,LAUNDRY PACKAGE,False,3.0,3.0,,Monday,May,3.0,False,0.0
378,ARRIVED,2026-05-18,2026-05-21,PCS,3 HARI,SAKURA,7.375,,,,51625.0,0.0,NO VOUCHER,51625.0,PAID,FALSE,Customer_109,False,True,True,True,False,True,Complete,LAUNDRY PACKAGE,True,3.0,3.0,7000.0,Monday,May,3.0,False,0.0
379,ARRIVED,2026-05-18,2026-05-21,PCS,3 HARI,ROSE,3.53,,,,24710.0,0.0,NO VOUCHER,24710.0,PAID,FALSE,Customer_098,False,True,True,True,False,True,Complete,LAUNDRY PACKAGE,True,3.0,3.0,7000.0,Monday,May,3.0,False,0.0
380,ARRIVED,2026-05-18,2026-05-20,PCL,2 HARI,ROSE,4.15,,,,29050.0,0.0,NO VOUCHER,29050.0,PAID,FALSE,Customer_144,False,True,True,True,False,True,Complete,LAUNDRY PACKAGE,True,2.0,2.0,6999.999999999999,Monday,May,2.0,False,0.0
381,ARRIVED,2026-05-18,2026-05-19,PCL,1 HARI,ROSE,3.0,Sprei Kecil,,6000.0,,0.0,NO VOUCHER,,PAID,FALSE,Customer_123,False,True,False,True,False,True,Missing Revenue,LAUNDRY PACKAGE,True,1.0,1.0,,Monday,May,1.0,False,0.0
382,ARRIVED,2026-05-18,2026-05-20,PCS,2 HARI,ROSE,3.0,,,,24000.0,0.0,NO VOUCHER,24000.0,PAID,FALSE,Customer_001,False,True,True,True,False,True,Complete,LAUNDRY PACKAGE,True,2.0,2.0,8000.0,Monday,May,2.0,False,0.0
383,ARRIVED,2026-05-18,2026-05-20,PCS,2 HARI,SAKURA,3.415,,,,27320.0,0.0,NO VOUCHER,27320.0,PAID,FALSE,Customer_005,False,True,True,True,False,True,Complete,LAUNDRY PACKAGE,True,2.0,2.0,8000.0,Monday,May,2.0,False,0.0
384,ARRIVED,2026-05-18,2026-05-21,PCS,3 HARI,BACCARAT,4.73,,,,33110.0,0.0,NO VOUCHER,33110.0,PAID,FALSE,Customer_102,False,True,True,True,False,True,Complete,LAUNDRY PACKAGE,True,3.0,3.0,6999.999999999999,Monday,May,3.0,False,0.0
385,ARRIVED,2026-05-18,2026-05-21,PCS,3 HARI,SAKURA,5.44,,,,38080.0,0.0,NO VOUCHER,38080.0,PAID,FALSE,Customer_138,False,True,True,True,False,True,Complete,LAUNDRY PACKAGE,True,3.0,3.0,6999.999999999999,Monday,May,3.0,False,0.0
386,ARRIVED,2026-05-18,2026-05-21,PCS,3 HARI,PHILUX,3.0,,,,21000.0,0.0,NO VOUCHER,21000.0,PAID,FALSE,Customer_029,False,True,True,True,False,True,Complete,LAUNDRY PACKAGE,True,3.0,3.0,7000.0,Monday,May,3.0,False,0.0
387,ARRIVED,2026-05-18,2026-05-21,PCS,3 HARI,OCEAN FRESH,6.63,,,,46410.0,0.0,NO VOUCHER,46410.0,PAID,FALSE,Customer_133,False,True,True,True,False,True,Complete,LAUNDRY PACKAGE,True,3.0,3.0,7000.0,Monday,May,3.0,False,0.0
388,ARRIVED,2026-05-18,2026-05-21,PCS,3 HARI,SAKURA,3.0,,,,21000.0,0.0,NO VOUCHER,21000.0,PAID,TRUE,Customer_054,False,True,True,True,False,True,Complete,LAUNDRY PACKAGE,True,3.0,3.0,7000.0,Monday,May,3.0,False,0.0
389,ARRIVED,2026-05-19,2026-05-21,PCS,2 HARI,OCEAN FRESH,8.775,Sprei Sedang,,,,0.0,NO VOUCHER,,PAID,FALSE,Customer_071,False,True,False,True,False,True,Missing Revenue,LAUNDRY PACKAGE,True,2.0,2.0,,Tuesday,May,2.0,False,0.0
390,ARRIVED,2026-05-19,2026-05-23,SATUAN,3 HARI,BACCARAT,0.0,"Bed Cover Besar, Sprei Besar",,,,0.0,NO VOUCHER,,PAID,FALSE,Customer_127,False,True,False,True,False,True,Missing Revenue,PER ITEM,False,4.0,4.0,,Tuesday,May,3.0,True,1.0
391,ARRIVED,2026-05-19,2026-05-23,PCS,3 HARI,OCEAN FRESH,4.825,,,,33775.0,0.0,NO VOUCHER,33775.0,PAID,FALSE,Customer_078,False,True,True,True,False,True,Complete,LAUNDRY PACKAGE,True,4.0,4.0,7000.0,Tuesday,May,3.0,True,1.0
392,ARRIVED,2026-05-19,2026-05-21,PCS,2 HARI,BACCARAT,5.48,,,,43840.0,0.0,NO VOUCHER,,PAID,FALSE,Customer_075,False,True,True,True,False,True,Complete,LAUNDRY PACKAGE,True,2.0,2.0,7999.999999999999,Tuesday,May,2.0,False,0.0
393,ARRIVED,2026-05-20,2026-05-25,PCS,3 HARI,OCEAN FRESH,9.125,Sprei Sedang,,,,0.0,NO VOUCHER,,PAID,FALSE,Customer_088,False,True,False,True,False,True,Missing Revenue,LAUNDRY PACKAGE,True,5.0,4.0,,Wednesday,May,3.0,True,1.0
394,ARRIVED,2026-05-20,2026-05-26,SATUAN,4 HARI,NOT RECORDED,,Deep Clean,,,,0.0,NO VOUCHER,,PAID,FALSE,Customer_042,False,True,False,False,False,True,"Missing Revenue, Weight",PER ITEM,False,6.0,5.0,,Wednesday,May,4.0,True,1.0
395,ARRIVED,2026-05-20,2026-05-26,SATUAN,4 HARI,NOT RECORDED,,Deep Clean,,,,0.0,NO VOUCHER,,PAID,FALSE,Customer_068,False,True,False,False,False,True,"Missing Revenue, Weight",PER ITEM,False,6.0,5.0,,Wednesday,May,4.0,True,1.0
396,ARRIVED,2026-05-20,2026-05-25,PCS,3 HARI,BACCARAT,5.195,Sprei Sedang,,,,0.0,NO VOUCHER,,PAID,FALSE,Customer_137,False,True,False,True,False,True,Missing Revenue,LAUNDRY PACKAGE,True,5.0,4.0,,Wednesday,May,3.0,True,1.0
397,ARRIVED,2026-05-20,2026-05-25,PCS,3 HARI,ROSE,6.69,,,,46830.0,0.0,NO VOUCHER,46830.0,PAID,FALSE,Customer_037,False,True,True,True,False,True,Complete,LAUNDRY PACKAGE,True,5.0,4.0,7000.0,Wednesday,May,3.0,True,1.0
398,ARRIVED,2026-05-20,2026-05-25,PCL,3 HARI,BACCARAT,3.235,,,,19410.0,0.0,NO VOUCHER,19410.0,PAID,FALSE,Customer_089,False,True,True,True,False,True,Complete,LAUNDRY PACKAGE,True,5.0,4.0,6000.0,Wednesday,May,3.0,True,1.0
399,ARRIVED,2026-05-20,2026-05-25,SATUAN,3 HARI,PHILUX,0.0,Dry Clean Toga,,,,0.0,NO VOUCHER,,PAID,FALSE,Customer_155,False,True,False,True,False,True,Missing Revenue,PER ITEM,False,5.0,4.0,,Wednesday,May,3.0,True,1.0
400,ARRIVED,2026-05-21,2026-05-23,PCS,1 HARI,ROSE,4.535,,,,40815.0,0.0,NO VOUCHER,40815.0,PAID,FALSE,Customer_145,False,True,True,True,False,True,Complete,LAUNDRY PACKAGE,True,2.0,2.0,9000.0,Thursday,May,1.0,True,1.0
401,ARRIVED,2026-05-21,2026-05-25,PCS,2 HARI,PHILUX,3.0,,,,24000.0,0.0,NO VOUCHER,24000.0,PAID,FALSE,Customer_008,False,True,True,True,False,True,Complete,LAUNDRY PACKAGE,True,4.0,3.0,8000.0,Thursday,May,2.0,True,1.0
402,ARRIVED,2026-05-21,2026-05-26,SATUAN,3 HARI,PHILUX,0.0,Dry Clean Toga,,,,0.0,NO VOUCHER,,PAID,FALSE,Customer_136,False,True,False,True,False,True,Missing Revenue,PER ITEM,False,5.0,4.0,,Thursday,May,3.0,True,1.0
403,ARRIVED,2026-05-21,2026-05-25,SATUAN,2 HARI,ROSE,0.0,Sprei Sedang,,3000.0,,0.0,NO VOUCHER,,PAID,FALSE,Customer_010,False,True,False,True,False,True,Missing Revenue,PER ITEM,False,4.0,3.0,,Thursday,May,2.0,True,1.0
404,ARRIVED,2026-05-21,2026-05-26,PCS,3 HARI,ROSE,16.045,Sprei Sedang,,,,0.0,NO VOUCHER,125000.0,PAID,FALSE,Customer_033,False,True,False,True,False,True,Missing Revenue,LAUNDRY PACKAGE,True,5.0,4.0,,Thursday,May,3.0,True,1.0
405,ARRIVED,2026-05-21,2026-05-26,PCS,3 HARI,BACCARAT,5.48,,,,38360.0,0.0,NO VOUCHER,38360.0,PAID,FALSE,Customer_126,False,True,True,True,False,True,Complete,LAUNDRY PACKAGE,True,5.0,4.0,6999.999999999999,Thursday,May,3.0,True,1.0
406,ARRIVED,2026-05-21,2026-05-23,PCS,1 HARI,OCEAN FRESH,10.145,,,,91305.0,0.0,NO VOUCHER,91305.0,PAID,FALSE,Customer_071,False,True,True,True,False,True,Complete,LAUNDRY PACKAGE,True,2.0,2.0,9000.0,Thursday,May,1.0,True,1.0
407,ARRIVED,2026-05-22,2026-05-26,PCS,3 HARI,OCEAN FRESH,3.0,,,,21000.0,0.0,NO VOUCHER,21000.0,PAID,FALSE,Customer_150,False,True,True,True,False,True,Complete,LAUNDRY PACKAGE,True,4.0,3.0,7000.0,Friday,May,3.0,False,0.0
408,ARRIVED,2026-05-22,2026-05-26,PCS,3 HARI,BACCARAT,3.665,,,,21990.0,0.0,NO VOUCHER,21990.0,PAID,FALSE,Customer_149,False,True,True,True,False,True,Complete,LAUNDRY PACKAGE,True,4.0,3.0,6000.0,Friday,May,3.0,False,0.0
409,ARRIVED,2026-05-22,2026-05-26,PCL,3 HARI,PHILUX,6.605,Sprei Kecil,,,,0.0,NO VOUCHER,,PAID,FALSE,Customer_122,False,True,False,True,False,True,Missing Revenue,LAUNDRY PACKAGE,True,4.0,3.0,,Friday,May,3.0,False,0.0
410,ARRIVED,2026-05-22,2026-05-26,PCL,3 HARI,PHILUX,4.41,,,,26460.0,0.0,NO VOUCHER,26460.0,PAID,FALSE,Customer_092,False,True,True,True,False,True,Complete,LAUNDRY PACKAGE,True,4.0,3.0,6000.0,Friday,May,3.0,False,0.0
411,ARRIVED,2026-05-22,2026-05-26,PCS,3 HARI,PHILUX,7.33,,,,51310.0,0.0,NO VOUCHER,51310.0,PAID,FALSE,Customer_086,False,True,True,True,False,True,Complete,LAUNDRY PACKAGE,True,4.0,3.0,7000.0,Friday,May,3.0,False,0.0
412,ARRIVED,2026-05-22,2026-05-26,PCS,3 HARI,OCEAN FRESH,4.305,,,,30135.0,0.0,NO VOUCHER,30135.0,PAID,FALSE,Customer_006,False,True,True,True,False,True,Complete,LAUNDRY PACKAGE,True,4.0,3.0,7000.000000000001,Friday,May,3.0,False,0.0
413,ARRIVED,2026-05-22,2026-05-26,PCS,3 HARI,ROSE,7.45,,,,52150.0,0.0,NO VOUCHER,52150.0,PAID,FALSE,Customer_012,False,True,True,True,False,True,Complete,LAUNDRY PACKAGE,True,4.0,3.0,7000.0,Friday,May,3.0,False,0.0
414,ARRIVED,2026-05-22,2026-05-26,PCS,3 HARI,OCEAN FRESH,3.835,,,,26845.0,0.0,NO VOUCHER,26845.0,PAID,FALSE,Customer_143,False,True,True,True,False,True,Complete,LAUNDRY PACKAGE,True,4.0,3.0,7000.0,Friday,May,3.0,False,0.0
415,ARRIVED,2026-05-22,2026-05-26,PCS,3 HARI,OCEAN FRESH,3.17,,,,22190.0,0.0,NO VOUCHER,22500.0,PAID,FALSE,Customer_036,False,True,True,True,False,True,Complete,LAUNDRY PACKAGE,True,4.0,3.0,7000.0,Friday,May,3.0,False,0.0
416,ARRIVED,2026-05-22,2026-05-26,PCL,3 HARI,ROSE,3.005,"Sprei Sedang, Bed Cover Sedang",,,,0.0,NO VOUCHER,,PAID,FALSE,Customer_059,False,True,False,True,False,True,Missing Revenue,LAUNDRY PACKAGE,True,4.0,3.0,,Friday,May,3.0,False,0.0
417,ARRIVED,2026-05-22,2026-05-26,PCS,3 HARI,OCEAN FRESH,3.55,Sprei Kecil,,,,0.0,NO VOUCHER,,PAID,FALSE,Customer_082,False,True,False,True,False,True,Missing Revenue,LAUNDRY PACKAGE,True,4.0,3.0,,Friday,May,3.0,False,0.0
418,ARRIVED,2026-05-22,2026-05-26,PCS,3 HARI,ROSE,6.2,,,,43400.0,0.0,NO VOUCHER,43400.0,PAID,FALSE,Customer_090,False,True,True,True,False,True,Complete,LAUNDRY PACKAGE,True,4.0,3.0,7000.0,Friday,May,3.0,False,0.0
419,ARRIVED,2026-05-22,2026-05-26,PCS,3 HARI,ROSE,3.25,,,,22750.0,0.0,NO VOUCHER,22750.0,PAID,FALSE,Customer_018,False,True,True,True,False,True,Complete,LAUNDRY PACKAGE,True,4.0,3.0,7000.0,Friday,May,3.0,False,0.0
420,ARRIVED,2026-05-22,2026-05-26,PCS,3 HARI,ROSE,5.295,,,,37065.0,0.0,NO VOUCHER,37065.0,PAID,FALSE,Customer_130,False,True,True,True,False,True,Complete,LAUNDRY PACKAGE,True,4.0,3.0,7000.0,Friday,May,3.0,False,0.0
421,ARRIVED,2026-05-23,2026-05-25,PCS,1 HARI,OCEAN FRESH,3.95,,,,35550.0,0.0,NO VOUCHER,35550.0,PAID,FALSE,Customer_048,False,True,True,True,False,True,Complete,LAUNDRY PACKAGE,True,2.0,1.0,9000.0,Saturday,May,1.0,False,0.0
422,ARRIVED,2026-05-23,2026-05-26,PCL,2 HARI,OCEAN FRESH,6.995,,,,48965.0,0.0,NO VOUCHER,48965.0,PAID,FALSE,Customer_112,False,True,True,True,False,True,Complete,LAUNDRY PACKAGE,True,3.0,2.0,7000.0,Saturday,May,2.0,False,0.0
423,ARRIVED,2026-05-23,2026-06-06,PCS,10 JAM,ROSE,3.275,,,,50763.0,0.0,NO VOUCHER,50763.0,PAID,FALSE,Customer_046,False,True,True,True,False,True,Complete,LAUNDRY PACKAGE,True,14.0,12.0,15500.152671755726,Saturday,May,0.4166666666666667,True,11.583333333333334
424,ARRIVED,2026-05-23,2026-05-27,SATUAN,3 HARI,PHILUX,0.0,"Dry Clean Jas, Dry Clean Setelan Jas",80000.0,,80000.0,0.0,NO VOUCHER,80000.0,PAID,FALSE,Customer_124,False,True,True,True,True,True,Complete,PER ITEM,False,4.0,3.0,,Saturday,May,3.0,False,0.0
425,ARRIVED,2026-05-23,2026-05-26,PCS,2 HARI,OCEAN FRESH,5.745,,45960.0,,45960.0,0.0,NO VOUCHER,45960.0,PAID,FALSE,Customer_032,False,True,True,True,True,True,Complete,LAUNDRY PACKAGE,True,3.0,2.0,8000.0,Saturday,May,2.0,False,0.0
426,ARRIVED,2026-05-23,2026-05-25,PCS,1 HARI,PHILUX,3.0,,27000.0,,27000.0,0.0,NO VOUCHER,27000.0,PAID,FALSE,Customer_062,False,True,True,True,True,True,Complete,LAUNDRY PACKAGE,True,2.0,1.0,9000.0,Saturday,May,1.0,False,0.0
427,ARRIVED,2026-05-23,2026-05-25,PCS,1 HARI,SAKURA,3.415,,,,30735.0,0.0,NO VOUCHER,30735.0,PAID,FALSE,Customer_023,False,True,True,True,False,True,Complete,LAUNDRY PACKAGE,True,2.0,1.0,9000.0,Saturday,May,1.0,False,0.0
428,ARRIVED,2026-05-23,2026-05-25,PCS,1 HARI,OCEAN FRESH,3.05,,,,27450.0,0.0,NO VOUCHER,27450.0,PAID,FALSE,Customer_016,False,True,True,True,False,True,Complete,LAUNDRY PACKAGE,True,2.0,1.0,9000.0,Saturday,May,1.0,False,0.0
429,ARRIVED,2026-05-23,2026-05-27,PCS,3 HARI,ROSE,3.19,,,,22330.0,0.0,NO VOUCHER,22330.0,PAID,FALSE,Customer_028,False,True,True,True,False,True,Complete,LAUNDRY PACKAGE,True,4.0,3.0,7000.0,Saturday,May,3.0,False,0.0
430,ARRIVED,2026-05-23,2026-05-27,PCS,3 HARI,PHILUX,7.865,,,,55055.0,0.0,NO VOUCHER,55055.0,PAID,FALSE,Customer_109,False,True,True,True,False,True,Complete,LAUNDRY PACKAGE,True,4.0,3.0,7000.0,Saturday,May,3.0,False,0.0
431,ARRIVED,2026-05-23,2026-05-27,PCS,3 HARI,PHILUX,3.01,,,,21070.0,0.0,NO VOUCHER,21070.0,PAID,FALSE,Customer_142,False,True,True,True,False,True,Complete,LAUNDRY PACKAGE,True,4.0,3.0,7000.000000000001,Saturday,May,3.0,False,0.0
432,ARRIVED,2026-05-23,2026-05-27,PCS,3 HARI,PHILUX,3.82,"Selimut Tipis, Sprei Sedang",,3000.0,,0.0,NO VOUCHER,,PAID,FALSE,Customer_035,False,True,False,True,False,True,Missing Revenue,LAUNDRY PACKAGE,True,4.0,3.0,,Saturday,May,3.0,False,0.0
433,ARRIVED,2026-05-23,2026-05-27,PCL,3 HARI,OCEAN FRESH,4.285,,,,25710.0,0.0,NO VOUCHER,25710.0,PAID,FALSE,Customer_144,False,True,True,True,False,True,Complete,LAUNDRY PACKAGE,True,4.0,3.0,6000.0,Saturday,May,3.0,False,0.0
434,ARRIVED,2026-05-25,2026-05-28,PCS,3 HARI,OCEAN FRESH,3.0,,,,21000.0,0.0,NO VOUCHER,21000.0,PAID,FALSE,Customer_030,False,True,True,True,False,True,Complete,LAUNDRY PACKAGE,True,3.0,3.0,7000.0,Monday,May,3.0,False,0.0
435,ARRIVED,2026-05-25,2026-05-26,PCS,1 HARI,ROSE,8.155,,,,73395.0,0.0,NO VOUCHER,157815.0,PAID,FALSE,Customer_134,False,True,True,True,False,True,Complete,LAUNDRY PACKAGE,True,1.0,1.0,9000.0,Monday,May,1.0,False,0.0
436,UNKNOWN,,,PS,1 HARI,ROSE,12.06,,,,84420.0,0.0,NO VOUCHER,,,FALSE,Customer_134,False,True,True,True,False,False,"Missing Order Date, Completion Date",LAUNDRY PACKAGE,True,,,7000.0,,,1.0,,
437,ARRIVED,2026-05-25,2026-05-28,PCS,3 HARI,ROSE,3.0,,,,21000.0,0.0,NO VOUCHER,21000.0,PAID,FALSE,Customer_117,False,True,True,True,False,True,Complete,LAUNDRY PACKAGE,True,3.0,3.0,7000.0,Monday,May,3.0,False,0.0
438,ARRIVED,2026-05-25,2026-05-26,PCS,1 HARI,SAKURA,3.985,,,,35865.0,0.0,NO VOUCHER,35865.0,PAID,FALSE,Customer_138,False,True,True,True,False,True,Complete,LAUNDRY PACKAGE,True,1.0,1.0,9000.0,Monday,May,1.0,False,0.0
439,ARRIVED,2026-05-25,2026-05-28,PCS,3 HARI,PHILUX,3.495,,,,24465.0,0.0,NO VOUCHER,24465.0,PAID,FALSE,Customer_044,False,True,True,True,False,True,Complete,LAUNDRY PACKAGE,True,3.0,3.0,7000.0,Monday,May,3.0,False,0.0
440,ARRIVED,2026-05-25,2026-05-26,PCL,1 HARI,BACCARAT,4.98,,,,39840.0,0.0,NO VOUCHER,39840.0,PAID,FALSE,Customer_010,False,True,True,True,False,True,Complete,LAUNDRY PACKAGE,True,1.0,1.0,7999.999999999999,Monday,May,1.0,False,0.0
441,ARRIVED,2026-05-25,2026-05-28,PCS,3 HARI,PHILUX,3.0,,,,21000.0,0.0,NO VOUCHER,21000.0,PAID,FALSE,Customer_029,False,True,True,True,False,True,Complete,LAUNDRY PACKAGE,True,3.0,3.0,7000.0,Monday,May,3.0,False,0.0
442,ARRIVED,2026-05-25,2026-05-28,PS,3 HARI,BACCARAT,4.26,,,,21300.0,0.0,NO VOUCHER,21300.0,PAID,FALSE,Customer_067,False,True,True,True,False,True,Complete,LAUNDRY PACKAGE,True,3.0,3.0,5000.0,Monday,May,3.0,False,0.0
443,ARRIVED,2026-05-25,2026-05-26,PCS,1 HARI,SAKURA,3.37,,,,30330.0,0.0,NO VOUCHER,30330.0,PAID,FALSE,Customer_101,False,True,True,True,False,True,Complete,LAUNDRY PACKAGE,True,1.0,1.0,9000.0,Monday,May,1.0,False,0.0
444,ARRIVED,2026-05-26,2026-05-30,PCL,3 HARI,SAKURA,3.705,Tas (small),,,,0.0,NO VOUCHER,,PAID,FALSE,Customer_019,False,True,False,True,False,True,Missing Revenue,LAUNDRY PACKAGE,True,4.0,4.0,,Tuesday,May,3.0,True,1.0
445,ARRIVED,2026-05-26,2026-05-30,PCS,3 HARI,SAKURA,6.76,,,,47320.0,0.0,NO VOUCHER,47320.0,PAID,FALSE,Customer_037,False,True,True,True,False,True,Complete,LAUNDRY PACKAGE,True,4.0,4.0,7000.0,Tuesday,May,3.0,True,1.0
446,ARRIVED,2026-05-26,2026-05-30,PCS,3 HARI,OCEAN FRESH,6.84,"Sprei Kecil, Sprei Besar",,,,0.0,NO VOUCHER,,PAID,FALSE,Customer_153,False,True,False,True,False,True,Missing Revenue,LAUNDRY PACKAGE,True,4.0,4.0,,Tuesday,May,3.0,True,1.0
447,UNKNOWN,,,PS,3 HARI,OCEAN FRESH,6.095,Bed Cover Besar,,,,0.0,NO VOUCHER,,,FALSE,Customer_153,False,True,False,True,False,False,"Missing Order Date, Completion Date, Revenue",LAUNDRY PACKAGE,True,,,,,,3.0,,
448,ARRIVED,2026-05-26,2026-05-30,PCS,3 HARI,OCEAN FRESH,7.17,,,,50190.0,0.0,NO VOUCHER,51000.0,PAID,FALSE,Customer_060,False,True,True,True,False,True,Complete,LAUNDRY PACKAGE,True,4.0,4.0,7000.0,Tuesday,May,3.0,True,1.0
449,ARRIVED,2026-05-26,2026-05-30,PCL,3 HARI,SAKURA,3.0,Jaket/Blouse,,,,0.0,NO VOUCHER,,PAID,FALSE,Customer_095,False,True,False,True,False,True,Missing Revenue,LAUNDRY PACKAGE,True,4.0,4.0,,Tuesday,May,3.0,True,1.0
450,ARRIVED,2026-05-26,2026-05-30,PCS,3 HARI,SAKURA,6.145,,,,33015.0,10000.0,#EC0039,33015.0,PAID,FALSE,Customer_132,False,True,True,True,False,True,Complete,LAUNDRY PACKAGE,True,4.0,4.0,5372.660699755899,Tuesday,May,3.0,True,1.0
451,ARRIVED,2026-05-26,2026-05-27,PCS,1 HARI,OCEAN FRESH,3.0,,,,31815.0,0.0,NO VOUCHER,31815.0,PAID,FALSE,Customer_016,False,True,True,True,False,True,Complete,LAUNDRY PACKAGE,True,1.0,1.0,10605.0,Tuesday,May,1.0,False,0.0
452,UNKNOWN,2026-05-26,2026-05-30,PCS,3 HARI,OCEAN FRESH,3.535,Sprei Kecil,,,,0.0,NO VOUCHER,,PAID,FALSE,Customer_143,False,True,False,True,False,True,Missing Revenue,LAUNDRY PACKAGE,True,4.0,4.0,,Tuesday,May,3.0,True,1.0
453,ARRIVED,2026-05-26,2026-05-28,PCL,2 HARI,OCEAN FRESH,4.015,,,,24090.0,0.0,NO VOUCHER,24090.0,PAID,FALSE,Customer_084,False,True,True,True,False,True,Complete,LAUNDRY PACKAGE,True,2.0,2.0,6000.000000000001,Tuesday,May,2.0,False,0.0
454,ARRIVED,2026-05-26,2026-05-30,PCS,3 HARI,ROSE,4.86,,,,34020.0,0.0,NO VOUCHER,34020.0,PAID,FALSE,Customer_098,False,True,True,True,False,True,Complete,LAUNDRY PACKAGE,True,4.0,4.0,6999.999999999999,Tuesday,May,3.0,True,1.0
455,ARRIVED,2026-05-26,2026-05-28,PCS,2 HARI,OCEAN FRESH,5.595,,,,44760.0,0.0,NO VOUCHER,44760.0,PAID,FALSE,Customer_066,False,True,True,True,False,True,Complete,LAUNDRY PACKAGE,True,2.0,2.0,8000.0,Tuesday,May,2.0,False,0.0
456,ARRIVED,2026-05-26,2026-05-30,PCS,3 HARI,SAKURA,6.22,Sprei Sedang,,,,0.0,NO VOUCHER,,PAID,FALSE,Customer_147,False,True,False,True,False,True,Missing Revenue,LAUNDRY PACKAGE,True,4.0,4.0,,Tuesday,May,3.0,True,1.0
457,ARRIVED,2026-05-26,2026-05-30,PCL,3 HARI,ROSE,3.0,,,,18000.0,0.0,NO VOUCHER,18000.0,PAID,FALSE,Customer_059,False,True,True,True,False,True,Complete,LAUNDRY PACKAGE,True,4.0,4.0,6000.0,Tuesday,May,3.0,True,1.0
458,ARRIVED,2026-05-26,2026-05-30,PCS,3 HARI,PHILUX,3.0,Sprei Kecil,,,,0.0,NO VOUCHER,,PAID,FALSE,Customer_035,False,True,False,True,False,True,Missing Revenue,LAUNDRY PACKAGE,True,4.0,4.0,,Tuesday,May,3.0,True,1.0
459,ARRIVED,2026-05-26,2026-05-28,PCS,2 HARI,SAKURA,3.0,,,,24000.0,0.0,NO VOUCHER,21000.0,PAID,FALSE,Customer_005,False,True,True,True,False,True,Complete,LAUNDRY PACKAGE,True,2.0,2.0,8000.0,Tuesday,May,2.0,False,0.0
460,ARRIVED,2026-05-26,2026-05-30,PCS,3 HARI,SAKURA,7.02,,,,49140.0,0.0,NO VOUCHER,49140.0,PAID,FALSE,Customer_085,False,True,True,True,False,True,Complete,LAUNDRY PACKAGE,True,4.0,4.0,7000.0,Tuesday,May,3.0,True,1.0
461,ARRIVED,2026-05-29,2026-06-02,PS,3 HARI,OCEAN FRESH,8.02,,,,40100.0,0.0,NO VOUCHER,40100.0,PAID,FALSE,Customer_153,False,True,True,True,False,True,Complete,LAUNDRY PACKAGE,True,4.0,3.0,5000.0,Friday,May,3.0,False,0.0
462,ARRIVED,2026-05-29,2026-06-02,PCS,3 HARI,PHILUX,5.81,"Bed Cover Besar, Boneka (M)",,,,0.0,NO VOUCHER,,PAID,FALSE,Customer_126,False,True,False,True,False,True,Missing Revenue,LAUNDRY PACKAGE,True,4.0,3.0,,Friday,May,3.0,False,0.0
463,ARRIVED,2026-05-29,2026-06-02,PCS,3 HARI,PHILUX,6.535,,,,45745.0,0.0,NO VOUCHER,45745.0,PAID,FALSE,Customer_109,False,True,True,True,False,True,Complete,LAUNDRY PACKAGE,True,4.0,3.0,7000.0,Friday,May,3.0,False,0.0
464,ARRIVED,2026-05-29,2026-06-02,PCS,3 HARI,SAKURA,4.03,,,,28210.0,0.0,NO VOUCHER,28210.0,PAID,FALSE,Customer_115,False,True,True,True,False,True,Complete,LAUNDRY PACKAGE,True,4.0,3.0,7000.0,Friday,May,3.0,False,0.0
465,ARRIVED,2026-05-30,2026-06-03,PCS,3 HARI,SAKURA,4.665,Sprei Sedang,,,,0.0,NO VOUCHER,45000.0,PAID,FALSE,Customer_024,False,True,False,True,False,True,Missing Revenue,LAUNDRY PACKAGE,True,4.0,3.0,,Saturday,May,3.0,False,0.0
466,ARRIVED,2026-05-30,2026-06-02,PCS,2 HARI,ROSE,3.955,"Sprei Kecil, Deep Clean",,,,0.0,NO VOUCHER,,PAID,FALSE,Customer_032,False,True,False,True,False,True,Missing Revenue,LAUNDRY PACKAGE,True,3.0,2.0,,Saturday,May,2.0,False,0.0
467,UNKNOWN,2026-05-30,2026-06-03,PCS,3 HARI,ROSE,,"Bed Cover Besar, Sprei Kecil, Handuk",,,,0.0,NO VOUCHER,,PAID,FALSE,Customer_133,False,True,False,False,False,True,"Missing Revenue, Weight",LAUNDRY PACKAGE,False,4.0,3.0,,Saturday,May,3.0,False,0.0
468,ARRIVED,2026-05-30,2026-06-03,PCL,3 HARI,PHILUX,4.31,Sprei Sedang,,,,0.0,NO VOUCHER,,PAID,FALSE,Customer_122,False,True,False,True,False,True,Missing Revenue,LAUNDRY PACKAGE,True,4.0,3.0,,Saturday,May,3.0,False,0.0
469,ARRIVED,2026-05-30,2026-06-03,PCS,3 HARI,SAKURA,3.0,"Sprei Sedang, Handuk",,,,0.0,NO VOUCHER,,PAID,FALSE,Customer_095,False,True,False,True,False,True,Missing Revenue,LAUNDRY PACKAGE,True,4.0,3.0,,Saturday,May,3.0,False,0.0
